,req_id,timestamp,method_call,response_code,duration,duration_upstream,bytes_sent,bytes_received,downstream_pod_ip,upstream_cluster,upstream_pod_ip
0,65769105114,2022-04-12T18:56:14.841Z,/detect/,200,139,138,103,16870,10.233.65.16,inbound|5001||,10.233.93.22
1,65768105114,2022-04-12T18:56:14.873Z,/detect/,200,116,115,75,16878,10.233.65.16,inbound|5001||,10.233.93.22
2,65773105114,2022-04-12T18:56:15.091Z,/detect/,200,125,124,75,12594,10.233.65.16,inbound|5001||,10.233.93.22
3,65785105114,2022-04-12T18:56:16.000Z,/detect/,200,166,160,73,28760,10.233.65.16,inbound|5001||,10.233.93.22
4,65793105114,2022-04-12T18:56:16.798Z,/detect/,200,157,155,76,13748,10.233.65.16,inbound|5001||,10.233.93.22
5,65799105114,2022-04-12T18:56:17.063Z,/detect/,200,86,86,76,13032,10.233.65.16,inbound|5001||,10.233.93.22
6,65802105114,2022-04-12T18:56:17.397Z,/detect/,200,85,84,75,17676,10.233.65.16,inbound|5001||,10.233.93.22
7,65803105114,2022-04-12T18:56:17.494Z,/detect/,200,66,65,74,21478,10.233.65.16,inbound|5001||,10.233.93.22
8,65811105114,2022-04-12T18:56:18.220Z,/detect/,200,147,146,76,15872,10.233.65.16,inbound|5001||,10.233.93.22
9,65813105114,2022-04-12T18:56:18.407Z,/detect/,200,124,123,76,19990,10.233.65.16,inbound|5001||,10.233.93.22
10,65821105114,2022-04-12T18:56:19.076Z,/detect/,200,153,152,118,20123,10.233.65.16,inbound|5001||,10.233.93.22
11,65825105114,2022-04-12T18:56:19.193Z,/detect/,200,95,94,92,21695,10.233.65.16,inbound|5001||,10.233.93.22
12,65833105114,2022-04-12T18:56:19.678Z,/detect/,200,184,155,60,31741,10.233.65.16,inbound|5001||,10.233.93.22
13,65840105114,2022-04-12T18:56:20.646Z,/detect/,200,175,174,107,19968,10.233.65.16,inbound|5001||,10.233.93.22
14,65843105114,2022-04-12T18:56:20.714Z,/detect/,200,246,239,74,20090,10.233.65.16,inbound|5001||,10.233.93.22
15,65844105114,2022-04-12T18:56:20.787Z,/detect/,200,181,179,76,20915,10.233.65.16,inbound|5001||,10.233.93.22
16,65851105114,2022-04-12T18:56:21.080Z,/detect/,200,105,105,75,11311,10.233.65.16,inbound|5001||,10.233.93.22
17,65856105114,2022-04-12T18:56:21.470Z,/detect/,200,143,142,75,19483,10.233.65.16,inbound|5001||,10.233.93.22
18,65859105114,2022-04-12T18:56:21.756Z,/detect/,200,148,147,103,21474,10.233.65.16,inbound|5001||,10.233.93.22
19,65866105114,2022-04-12T18:56:22.019Z,/detect/,200,171,125,60,19000,10.233.65.16,inbound|5001||,10.233.93.22
20,65867105114,2022-04-12T18:56:22.090Z,/detect/,200,97,96,77,15358,10.233.65.16,inbound|5001||,10.233.93.22
21,65872105114,2022-04-12T18:56:22.442Z,/detect/,200,145,135,76,27180,10.233.65.16,inbound|5001||,10.233.93.22
22,65875105114,2022-04-12T18:56:22.646Z,/detect/,200,138,136,88,20470,10.233.65.16,inbound|5001||,10.233.93.22
23,65879105114,2022-04-12T18:56:22.881Z,/detect/,200,160,159,75,11871,10.233.65.16,inbound|5001||,10.233.93.22
24,65878105114,2022-04-12T18:56:22.901Z,/detect/,200,181,181,76,19721,10.233.65.16,inbound|5001||,10.233.93.22
25,65880105114,2022-04-12T18:56:22.901Z,/detect/,200,216,215,77,23517,10.233.65.16,inbound|5001||,10.233.93.22
26,65885105114,2022-04-12T18:56:23.200Z,/detect/,200,102,101,74,13058,10.233.65.16,inbound|5001||,10.233.93.22
27,65890105114,2022-04-12T18:56:23.264Z,/detect/,200,224,176,74,28490,10.233.65.16,inbound|5001||,10.233.93.22
28,65891105114,2022-04-12T18:56:23.333Z,/detect/,200,153,152,75,12037,10.233.65.16,inbound|5001||,10.233.93.22
29,65894105114,2022-04-12T18:56:23.879Z,/detect/,200,72,71,73,10644,10.233.65.16,inbound|5001||,10.233.93.22
30,65895105114,2022-04-12T18:56:23.969Z,/detect/,200,113,109,74,21088,10.233.65.16,inbound|5001||,10.233.93.22
31,65900105114,2022-04-12T18:56:24.354Z,/detect/,200,125,80,75,21058,10.233.65.16,inbound|5001||,10.233.93.22
32,65901105114,2022-04-12T18:56:24.545Z,/detect/,200,103,103,76,23204,10.233.65.16,inbound|5001||,10.233.93.22
33,65902105114,2022-04-12T18:56:24.568Z,/detect/,200,121,118,73,25639,10.233.65.16,inbound|5001||,10.233.93.22
34,65908105114,2022-04-12T18:56:24.609Z,/detect/,200,102,101,74,13657,10.233.65.16,inbound|5001||,10.233.93.22
35,65918105114,2022-04-12T18:56:25.328Z,/detect/,200,68,65,88,27313,10.233.65.16,inbound|5001||,10.233.93.22
36,65934105114,2022-04-12T18:56:26.562Z,/detect/,200,109,108,77,29050,10.233.65.16,inbound|5001||,10.233.93.22
37,65940105114,2022-04-12T18:56:26.925Z,/detect/,200,199,198,76,19268,10.233.65.16,inbound|5001||,10.233.93.22
38,65942105114,2022-04-12T18:56:26.957Z,/detect/,200,184,183,75,18396,10.233.65.16,inbound|5001||,10.233.93.22
39,65946105114,2022-04-12T18:56:27.371Z,/detect/,200,122,80,60,19729,10.233.65.16,inbound|5001||,10.233.93.22
40,65950105114,2022-04-12T18:56:27.753Z,/detect/,200,122,121,75,16438,10.233.65.16,inbound|5001||,10.233.93.22
41,65951105114,2022-04-12T18:56:27.862Z,/detect/,200,111,69,74,60286,10.233.65.16,inbound|5001||,10.233.93.22
42,65955105114,2022-04-12T18:56:28.103Z,/detect/,200,161,160,60,29377,10.233.65.16,inbound|5001||,10.233.93.22
43,65956105114,2022-04-12T18:56:28.152Z,/detect/,200,141,140,76,14671,10.233.65.16,inbound|5001||,10.233.93.22
44,65957105114,2022-04-12T18:56:28.193Z,/detect/,200,98,94,60,16775,10.233.65.16,inbound|5001||,10.233.93.22
45,65962105114,2022-04-12T18:56:28.354Z,/detect/,200,71,70,76,17511,10.233.65.16,inbound|5001||,10.233.93.22
46,65964105114,2022-04-12T18:56:28.627Z,/detect/,200,129,128,76,16202,10.233.65.16,inbound|5001||,10.233.93.22
47,65965105114,2022-04-12T18:56:28.772Z,/detect/,200,63,56,60,16941,10.233.65.16,inbound|5001||,10.233.93.22
48,65967105114,2022-04-12T18:56:28.873Z,/detect/,200,69,68,75,14439,10.233.65.16,inbound|5001||,10.233.93.22
49,65970105114,2022-04-12T18:56:29.232Z,/detect/,200,78,77,75,18161,10.233.65.16,inbound|5001||,10.233.93.22
50,65973105114,2022-04-12T18:56:29.277Z,/detect/,200,134,83,76,19961,10.233.65.16,inbound|5001||,10.233.93.22
51,65986105114,2022-04-12T18:56:30.543Z,/detect/,200,72,72,74,19109,10.233.65.16,inbound|5001||,10.233.93.22
52,65991105114,2022-04-12T18:56:30.959Z,/detect/,200,47,46,77,14308,10.233.65.16,inbound|5001||,10.233.93.22
53,65993105114,2022-04-12T18:56:31.111Z,/detect/,200,78,77,75,15842,10.233.65.16,inbound|5001||,10.233.93.22
54,65997105114,2022-04-12T18:56:31.409Z,/detect/,200,101,100,75,21928,10.233.65.16,inbound|5001||,10.233.93.22
55,66002105114,2022-04-12T18:56:31.752Z,/detect/,200,136,135,76,12625,10.233.65.16,inbound|5001||,10.233.93.22
56,66003105114,2022-04-12T18:56:31.777Z,/detect/,200,142,141,74,16813,10.233.65.16,inbound|5001||,10.233.93.22
57,66005105114,2022-04-12T18:56:32.026Z,/detect/,200,74,73,76,12082,10.233.65.16,inbound|5001||,10.233.93.22
58,66009105114,2022-04-12T18:56:32.257Z,/detect/,200,126,90,122,26429,10.233.65.16,inbound|5001||,10.233.93.22
59,66012105114,2022-04-12T18:56:32.552Z,/detect/,200,182,167,74,24584,10.233.65.16,inbound|5001||,10.233.93.22
60,66013105114,2022-04-12T18:56:32.613Z,/detect/,200,161,155,76,24033,10.233.65.16,inbound|5001||,10.233.93.22
61,66015105114,2022-04-12T18:56:32.657Z,/detect/,200,173,166,74,23072,10.233.65.16,inbound|5001||,10.233.93.22
62,66018105114,2022-04-12T18:56:32.743Z,/detect/,200,90,90,75,18775,10.233.65.16,inbound|5001||,10.233.93.22
63,66022105114,2022-04-12T18:56:32.864Z,/detect/,200,88,86,60,20128,10.233.65.16,inbound|5001||,10.233.93.22
64,66028105114,2022-04-12T18:56:33.368Z,/detect/,200,107,106,74,13106,10.233.65.16,inbound|5001||,10.233.93.22
65,66031105114,2022-04-12T18:56:33.437Z,/detect/,200,94,93,76,19223,10.233.65.16,inbound|5001||,10.233.93.22
66,66037105114,2022-04-12T18:56:33.703Z,/detect/,200,172,162,88,25946,10.233.65.16,inbound|5001||,10.233.93.22
67,66039105114,2022-04-12T18:56:33.789Z,/detect/,200,102,101,75,13229,10.233.65.16,inbound|5001||,10.233.93.22
68,66052105114,2022-04-12T18:56:35.286Z,/detect/,200,97,97,74,18101,10.233.65.16,inbound|5001||,10.233.93.22
69,66063105114,2022-04-12T18:56:35.633Z,/detect/,200,101,53,74,17959,10.233.65.16,inbound|5001||,10.233.93.22
70,66069105114,2022-04-12T18:56:35.958Z,/detect/,200,136,135,76,25556,10.233.65.16,inbound|5001||,10.233.93.22
71,66073105114,2022-04-12T18:56:36.217Z,/detect/,200,143,142,77,15256,10.233.65.16,inbound|5001||,10.233.93.22
72,66075105114,2022-04-12T18:56:36.228Z,/detect/,200,110,109,60,13624,10.233.65.16,inbound|5001||,10.233.93.22
73,66078105114,2022-04-12T18:56:36.541Z,/detect/,200,127,126,60,18060,10.233.65.16,inbound|5001||,10.233.93.22
74,66080105114,2022-04-12T18:56:36.557Z,/detect/,200,192,141,76,18668,10.233.65.16,inbound|5001||,10.233.93.22
75,66082105114,2022-04-12T18:56:36.693Z,/detect/,200,110,109,74,18696,10.233.65.16,inbound|5001||,10.233.93.22
76,66095105114,2022-04-12T18:56:38.314Z,/detect/,200,103,98,77,24129,10.233.65.16,inbound|5001||,10.233.93.22
77,66098105114,2022-04-12T18:56:38.455Z,/detect/,200,145,144,76,10675,10.233.65.16,inbound|5001||,10.233.93.22
78,66097105114,2022-04-12T18:56:38.458Z,/detect/,200,163,162,92,20823,10.233.65.16,inbound|5001||,10.233.93.22
79,66102105114,2022-04-12T18:56:38.580Z,/detect/,200,151,90,74,31861,10.233.65.16,inbound|5001||,10.233.93.22
80,66101105114,2022-04-12T18:56:38.587Z,/detect/,200,104,98,75,18400,10.233.65.16,inbound|5001||,10.233.93.22
81,66112105114,2022-04-12T18:56:38.803Z,/detect/,200,56,55,76,19109,10.233.65.16,inbound|5001||,10.233.93.22
82,66114105114,2022-04-12T18:56:38.873Z,/detect/,200,161,124,75,16335,10.233.65.16,inbound|5001||,10.233.93.22
83,66120105114,2022-04-12T18:56:39.459Z,/detect/,200,108,107,93,18421,10.233.65.16,inbound|5001||,10.233.93.22
84,66126105114,2022-04-12T18:56:40.024Z,/detect/,200,148,147,60,29365,10.233.65.16,inbound|5001||,10.233.93.22
85,66153105114,2022-04-12T18:56:41.567Z,/detect/,200,185,184,120,28988,10.233.65.16,inbound|5001||,10.233.93.22
86,66154105114,2022-04-12T18:56:41.589Z,/detect/,200,167,166,74,15693,10.233.65.16,inbound|5001||,10.233.93.22
87,66181105114,2022-04-12T18:56:43.500Z,/detect/,200,116,115,120,18321,10.233.65.16,inbound|5001||,10.233.93.22
88,66187105114,2022-04-12T18:56:43.956Z,/detect/,200,100,98,76,15112,10.233.65.16,inbound|5001||,10.233.93.22
89,66188105114,2022-04-12T18:56:44.055Z,/detect/,200,83,74,75,19178,10.233.65.16,inbound|5001||,10.233.93.22
90,66191105114,2022-04-12T18:56:44.132Z,/detect/,200,115,114,74,21331,10.233.65.16,inbound|5001||,10.233.93.22
91,66190105114,2022-04-12T18:56:44.133Z,/detect/,200,113,102,75,26021,10.233.65.16,inbound|5001||,10.233.93.22
92,66200105114,2022-04-12T18:56:44.801Z,/detect/,200,89,88,75,17013,10.233.65.16,inbound|5001||,10.233.93.22
93,66215105114,2022-04-12T18:56:46.350Z,/detect/,200,82,82,75,14529,10.233.65.16,inbound|5001||,10.233.93.22
94,66217105114,2022-04-12T18:56:46.503Z,/detect/,200,96,95,76,17345,10.233.65.16,inbound|5001||,10.233.93.22
95,66232105114,2022-04-12T18:56:47.508Z,/detect/,200,120,119,76,13224,10.233.65.16,inbound|5001||,10.233.93.22
96,66233105114,2022-04-12T18:56:47.682Z,/detect/,200,141,139,73,16339,10.233.65.16,inbound|5001||,10.233.93.22
97,66240105114,2022-04-12T18:56:48.437Z,/detect/,200,71,69,90,23421,10.233.65.16,inbound|5001||,10.233.93.22
98,66245105114,2022-04-12T18:56:48.789Z,/detect/,200,130,129,75,18806,10.233.65.16,inbound|5001||,10.233.93.22
99,66247105114,2022-04-12T18:56:48.873Z,/detect/,200,114,113,73,13437,10.233.65.16,inbound|5001||,10.233.93.22
100,66253105114,2022-04-12T18:56:49.209Z,/detect/,200,133,132,76,26694,10.233.65.16,inbound|5001||,10.233.93.22
101,66255105114,2022-04-12T18:56:49.343Z,/detect/,200,125,80,60,17040,10.233.65.16,inbound|5001||,10.233.93.22
102,66266105114,2022-04-12T18:56:50.261Z,/detect/,200,116,115,88,16210,10.233.65.16,inbound|5001||,10.233.93.22
103,66281105114,2022-04-12T18:56:51.621Z,/detect/,200,226,185,75,20329,10.233.65.16,inbound|5001||,10.233.93.22
104,66282105114,2022-04-12T18:56:51.688Z,/detect/,200,334,333,74,34204,10.233.65.16,inbound|5001||,10.233.93.22
105,66283105114,2022-04-12T18:56:51.729Z,/detect/,200,301,300,75,12634,10.233.65.16,inbound|5001||,10.233.93.22
106,66284105114,2022-04-12T18:56:51.757Z,/detect/,200,258,257,76,11934,10.233.65.16,inbound|5001||,10.233.93.22
107,66285105114,2022-04-12T18:56:51.852Z,/detect/,200,216,216,76,16346,10.233.65.16,inbound|5001||,10.233.93.22
108,66286105114,2022-04-12T18:56:51.887Z,/detect/,200,149,148,76,17807,10.233.65.16,inbound|5001||,10.233.93.22
109,66291105114,2022-04-12T18:56:51.994Z,/detect/,200,119,108,74,24799,10.233.65.16,inbound|5001||,10.233.93.22
110,66295105114,2022-04-12T18:56:52.203Z,/detect/,200,63,62,77,13600,10.233.65.16,inbound|5001||,10.233.93.22
111,66297105114,2022-04-12T18:56:52.369Z,/detect/,200,49,49,60,16451,10.233.65.16,inbound|5001||,10.233.93.22
112,66298105114,2022-04-12T18:56:52.435Z,/detect/,200,88,87,74,19358,10.233.65.16,inbound|5001||,10.233.93.22
113,66305105114,2022-04-12T18:56:52.738Z,/detect/,200,97,96,75,17533,10.233.65.16,inbound|5001||,10.233.93.22
114,66313105114,2022-04-12T18:56:53.466Z,/detect/,200,104,96,76,20432,10.233.65.16,inbound|5001||,10.233.93.22
115,66317105114,2022-04-12T18:56:53.736Z,/detect/,200,108,106,74,15355,10.233.65.16,inbound|5001||,10.233.93.22
116,66323105114,2022-04-12T18:56:54.475Z,/detect/,200,92,90,73,22738,10.233.65.16,inbound|5001||,10.233.93.22
117,66336105114,2022-04-12T18:56:55.604Z,/detect/,200,117,115,75,17734,10.233.65.16,inbound|5001||,10.233.93.22
118,66342105114,2022-04-12T18:56:55.794Z,/detect/,200,70,66,74,27730,10.233.65.16,inbound|5001||,10.233.93.22
119,66345105114,2022-04-12T18:56:55.899Z,/detect/,200,163,115,74,17800,10.233.65.16,inbound|5001||,10.233.93.22
120,66346105114,2022-04-12T18:56:55.972Z,/detect/,200,88,87,75,20080,10.233.65.16,inbound|5001||,10.233.93.22
121,66352105114,2022-04-12T18:56:56.434Z,/detect/,200,107,106,74,24584,10.233.65.16,inbound|5001||,10.233.93.22
122,66356105114,2022-04-12T18:56:56.540Z,/detect/,200,182,181,77,15884,10.233.65.16,inbound|5001||,10.233.93.22
123,66359105114,2022-04-12T18:56:56.654Z,/detect/,200,114,113,88,21131,10.233.65.16,inbound|5001||,10.233.93.22
124,66367105114,2022-04-12T18:56:57.043Z,/detect/,200,76,75,76,14302,10.233.65.16,inbound|5001||,10.233.93.22
125,66371105114,2022-04-12T18:56:57.150Z,/detect/,200,94,93,91,17757,10.233.65.16,inbound|5001||,10.233.93.22
126,66372105114,2022-04-12T18:56:57.189Z,/detect/,200,128,128,88,24717,10.233.65.16,inbound|5001||,10.233.93.22
127,66378105114,2022-04-12T18:56:57.462Z,/detect/,200,123,119,92,15308,10.233.65.16,inbound|5001||,10.233.93.22
128,66385105114,2022-04-12T18:56:58.016Z,/detect/,200,99,98,60,36937,10.233.65.16,inbound|5001||,10.233.93.22
129,66387105114,2022-04-12T18:56:58.272Z,/detect/,200,68,65,75,16356,10.233.65.16,inbound|5001||,10.233.93.22
130,66389105114,2022-04-12T18:56:58.357Z,/detect/,200,135,134,76,19082,10.233.65.16,inbound|5001||,10.233.93.22
131,66388105114,2022-04-12T18:56:58.366Z,/detect/,200,139,131,89,22100,10.233.65.16,inbound|5001||,10.233.93.22
132,66395105114,2022-04-12T18:56:58.616Z,/detect/,200,204,157,89,48181,10.233.65.16,inbound|5001||,10.233.93.22
133,66396105114,2022-04-12T18:56:58.673Z,/detect/,200,189,183,93,23480,10.233.65.16,inbound|5001||,10.233.93.22
134,66400105114,2022-04-12T18:56:58.877Z,/detect/,200,144,143,75,19929,10.233.65.16,inbound|5001||,10.233.93.22
135,66406105114,2022-04-12T18:56:59.227Z,/detect/,200,134,133,77,14548,10.233.65.16,inbound|5001||,10.233.93.22
136,66410105114,2022-04-12T18:56:59.445Z,/detect/,200,167,166,92,16188,10.233.65.16,inbound|5001||,10.233.93.22
137,66418105114,2022-04-12T18:56:59.743Z,/detect/,200,218,214,60,27429,10.233.65.16,inbound|5001||,10.233.93.22
138,66422105114,2022-04-12T18:56:59.860Z,/detect/,200,270,225,89,26390,10.233.65.16,inbound|5001||,10.233.93.22
139,66423105114,2022-04-12T18:56:59.945Z,/detect/,200,175,171,76,20728,10.233.65.16,inbound|5001||,10.233.93.22
140,66424105114,2022-04-12T18:57:00.001Z,/detect/,200,104,103,74,16205,10.233.65.16,inbound|5001||,10.233.93.22
141,66432105114,2022-04-12T18:57:00.493Z,/detect/,200,59,57,76,17259,10.233.65.16,inbound|5001||,10.233.93.22
142,66437105114,2022-04-12T18:57:00.661Z,/detect/,200,106,98,75,19047,10.233.65.16,inbound|5001||,10.233.93.22
143,66444105114,2022-04-12T18:57:01.268Z,/detect/,200,130,121,75,23388,10.233.65.16,inbound|5001||,10.233.93.22
144,66463105114,2022-04-12T18:57:02.652Z,/detect/,200,70,69,74,14640,10.233.65.16,inbound|5001||,10.233.93.22
145,66469105114,2022-04-12T18:57:03.043Z,/detect/,200,91,90,75,13186,10.233.65.16,inbound|5001||,10.233.93.22
146,66470105114,2022-04-12T18:57:03.049Z,/detect/,200,104,102,76,16700,10.233.65.16,inbound|5001||,10.233.93.22
147,66473105114,2022-04-12T18:57:03.192Z,/detect/,200,109,104,76,17846,10.233.65.16,inbound|5001||,10.233.93.22
148,66472105114,2022-04-12T18:57:03.217Z,/detect/,200,110,109,75,28623,10.233.65.16,inbound|5001||,10.233.93.22
149,66479105114,2022-04-12T18:57:03.810Z,/detect/,200,97,96,74,17935,10.233.65.16,inbound|5001||,10.233.93.22
150,66487105114,2022-04-12T18:57:04.272Z,/detect/,200,75,74,74,22763,10.233.65.16,inbound|5001||,10.233.93.22
151,66498105114,2022-04-12T18:57:05.001Z,/detect/,200,153,153,90,29307,10.233.65.16,inbound|5001||,10.233.93.22
152,66499105114,2022-04-12T18:57:05.029Z,/detect/,200,121,104,74,22809,10.233.65.16,inbound|5001||,10.233.93.22
153,66505105114,2022-04-12T18:57:05.530Z,/detect/,200,117,116,73,27561,10.233.65.16,inbound|5001||,10.233.93.22
154,66515105114,2022-04-12T18:57:06.453Z,/detect/,200,143,133,74,36811,10.233.65.16,inbound|5001||,10.233.93.22
155,66516105114,2022-04-12T18:57:06.495Z,/detect/,200,114,113,73,20516,10.233.65.16,inbound|5001||,10.233.93.22
156,66534105114,2022-04-12T18:57:08.113Z,/detect/,200,105,104,90,13917,10.233.65.16,inbound|5001||,10.233.93.22
157,66543105114,2022-04-12T18:57:08.699Z,/detect/,200,81,80,88,14391,10.233.65.16,inbound|5001||,10.233.93.22
158,66545105114,2022-04-12T18:57:09.252Z,/detect/,200,75,74,77,15811,10.233.65.16,inbound|5001||,10.233.93.22
159,66559105114,2022-04-12T18:57:10.300Z,/detect/,200,139,137,76,15110,10.233.65.16,inbound|5001||,10.233.93.22
160,66566105114,2022-04-12T18:57:10.729Z,/detect/,200,185,184,74,24676,10.233.65.16,inbound|5001||,10.233.93.22
161,66572105114,2022-04-12T18:57:11.044Z,/detect/,200,98,96,60,13929,10.233.65.16,inbound|5001||,10.233.93.22
162,66577105114,2022-04-12T18:57:11.311Z,/detect/,200,68,67,76,12885,10.233.65.16,inbound|5001||,10.233.93.22
163,66578105114,2022-04-12T18:57:11.409Z,/detect/,200,54,51,76,19001,10.233.65.16,inbound|5001||,10.233.93.22
164,66586105114,2022-04-12T18:57:12.542Z,/detect/,200,58,57,93,15329,10.233.65.16,inbound|5001||,10.233.93.22
165,66589105114,2022-04-12T18:57:12.776Z,/detect/,200,103,102,74,14662,10.233.65.16,inbound|5001||,10.233.93.22
166,66597105114,2022-04-12T18:57:13.517Z,/detect/,200,182,172,74,35001,10.233.65.16,inbound|5001||,10.233.93.22
167,66598105114,2022-04-12T18:57:13.533Z,/detect/,200,165,164,89,11537,10.233.65.16,inbound|5001||,10.233.93.22
168,66601105114,2022-04-12T18:57:13.682Z,/detect/,200,84,83,60,19528,10.233.65.16,inbound|5001||,10.233.93.22
169,66603105114,2022-04-12T18:57:13.757Z,/detect/,200,129,108,106,30878,10.233.65.16,inbound|5001||,10.233.93.22
170,66609105114,2022-04-12T18:57:14.090Z,/detect/,200,200,154,88,22928,10.233.65.16,inbound|5001||,10.233.93.22
171,66620105114,2022-04-12T18:57:14.924Z,/detect/,200,96,88,92,22745,10.233.65.16,inbound|5001||,10.233.93.22
172,66623105114,2022-04-12T18:57:15.139Z,/detect/,200,113,112,75,26253,10.233.65.16,inbound|5001||,10.233.93.22
173,66631105114,2022-04-12T18:57:16.162Z,/detect/,200,88,87,74,23760,10.233.65.16,inbound|5001||,10.233.93.22
174,66633105114,2022-04-12T18:57:16.329Z,/detect/,200,167,167,75,15059,10.233.65.16,inbound|5001||,10.233.93.22
175,66632105114,2022-04-12T18:57:16.330Z,/detect/,200,165,164,92,20123,10.233.65.16,inbound|5001||,10.233.93.22
176,66640105114,2022-04-12T18:57:16.914Z,/detect/,200,131,129,60,22320,10.233.65.16,inbound|5001||,10.233.93.22
177,66641105114,2022-04-12T18:57:16.957Z,/detect/,200,179,178,76,22564,10.233.65.16,inbound|5001||,10.233.93.22
178,66647105114,2022-04-12T18:57:17.228Z,/detect/,200,56,55,60,20961,10.233.65.16,inbound|5001||,10.233.93.22
179,66650105114,2022-04-12T18:57:17.387Z,/detect/,200,101,100,92,14716,10.233.65.16,inbound|5001||,10.233.93.22
180,66663105114,2022-04-12T18:57:18.635Z,/detect/,200,147,143,91,25416,10.233.65.16,inbound|5001||,10.233.93.22
181,66666105114,2022-04-12T18:57:18.721Z,/detect/,200,124,124,75,15395,10.233.65.16,inbound|5001||,10.233.93.22
182,66670105114,2022-04-12T18:57:19.234Z,/detect/,200,153,133,74,15843,10.233.65.16,inbound|5001||,10.233.93.22
183,66672105114,2022-04-12T18:57:19.525Z,/detect/,200,141,139,76,15966,10.233.65.16,inbound|5001||,10.233.93.22
184,66673105114,2022-04-12T18:57:19.585Z,/detect/,200,114,112,74,19005,10.233.65.16,inbound|5001||,10.233.93.22
185,66675105114,2022-04-12T18:57:19.760Z,/detect/,200,76,70,73,20741,10.233.65.16,inbound|5001||,10.233.93.22
186,66676105114,2022-04-12T18:57:19.908Z,/detect/,200,73,72,88,14953,10.233.65.16,inbound|5001||,10.233.93.22
187,66679105114,2022-04-12T18:57:19.993Z,/detect/,200,156,154,77,13032,10.233.65.16,inbound|5001||,10.233.93.22
188,66691105114,2022-04-12T18:57:20.902Z,/detect/,200,152,151,75,14410,10.233.65.16,inbound|5001||,10.233.93.22
189,66695105114,2022-04-12T18:57:21.059Z,/detect/,200,83,79,75,20771,10.233.65.16,inbound|5001||,10.233.93.22
190,66697105114,2022-04-12T18:57:21.148Z,/detect/,200,66,66,75,17417,10.233.65.16,inbound|5001||,10.233.93.22
191,66698105114,2022-04-12T18:57:21.238Z,/detect/,200,82,81,75,21222,10.233.65.16,inbound|5001||,10.233.93.22
192,66712105114,2022-04-12T18:57:22.151Z,/detect/,200,125,124,74,11509,10.233.65.16,inbound|5001||,10.233.93.22
193,66713105114,2022-04-12T18:57:22.264Z,/detect/,200,94,92,75,16721,10.233.65.16,inbound|5001||,10.233.93.22
194,66717105114,2022-04-12T18:57:22.349Z,/detect/,200,81,80,76,17840,10.233.65.16,inbound|5001||,10.233.93.22
195,66720105114,2022-04-12T18:57:22.644Z,/detect/,200,73,72,75,15665,10.233.65.16,inbound|5001||,10.233.93.22
196,66722105114,2022-04-12T18:57:22.913Z,/detect/,200,188,131,76,17714,10.233.65.16,inbound|5001||,10.233.93.22
197,66726105114,2022-04-12T18:57:23.100Z,/detect/,200,85,79,73,16215,10.233.65.16,inbound|5001||,10.233.93.22
198,66733105114,2022-04-12T18:57:23.572Z,/detect/,200,79,79,74,19607,10.233.65.16,inbound|5001||,10.233.93.22
199,66737105114,2022-04-12T18:57:23.725Z,/detect/,200,207,183,73,29049,10.233.65.16,inbound|5001||,10.233.93.22
200,66738105114,2022-04-12T18:57:23.813Z,/detect/,200,156,155,75,17273,10.233.65.16,inbound|5001||,10.233.93.22
201,66746105114,2022-04-12T18:57:24.130Z,/detect/,200,167,97,75,24971,10.233.65.16,inbound|5001||,10.233.93.22
202,66748105114,2022-04-12T18:57:24.300Z,/detect/,200,83,82,76,14554,10.233.65.16,inbound|5001||,10.233.93.22
203,66751105114,2022-04-12T18:57:24.396Z,/detect/,200,107,106,76,21467,10.233.65.16,inbound|5001||,10.233.93.22
204,66752105114,2022-04-12T18:57:24.481Z,/detect/,200,92,90,76,17239,10.233.65.16,inbound|5001||,10.233.93.22
205,66758105114,2022-04-12T18:57:25.079Z,/detect/,200,141,140,76,14014,10.233.65.16,inbound|5001||,10.233.93.22
206,66766105114,2022-04-12T18:57:25.574Z,/detect/,200,98,97,75,15280,10.233.65.16,inbound|5001||,10.233.93.22
207,66768105114,2022-04-12T18:57:25.851Z,/detect/,200,161,160,74,23784,10.233.65.16,inbound|5001||,10.233.93.22
208,66773105114,2022-04-12T18:57:26.301Z,/detect/,200,152,106,74,17881,10.233.65.16,inbound|5001||,10.233.93.22
209,66777105114,2022-04-12T18:57:26.472Z,/detect/,200,110,106,77,22451,10.233.65.16,inbound|5001||,10.233.93.22
210,66785105114,2022-04-12T18:57:26.692Z,/detect/,200,83,82,75,19479,10.233.65.16,inbound|5001||,10.233.93.22
211,66791105114,2022-04-12T18:57:27.039Z,/detect/,200,85,84,75,14966,10.233.65.16,inbound|5001||,10.233.93.22
212,66792105114,2022-04-12T18:57:27.138Z,/detect/,200,71,70,76,15770,10.233.65.16,inbound|5001||,10.233.93.22
213,66798105114,2022-04-12T18:57:27.362Z,/detect/,200,97,97,74,14571,10.233.65.16,inbound|5001||,10.233.93.22
214,66806105114,2022-04-12T18:57:27.978Z,/detect/,200,127,126,75,15890,10.233.65.16,inbound|5001||,10.233.93.22
215,66817105114,2022-04-12T18:57:28.954Z,/detect/,200,137,135,60,22130,10.233.65.16,inbound|5001||,10.233.93.22
216,66819105114,2022-04-12T18:57:29.085Z,/detect/,200,49,48,92,14735,10.233.65.16,inbound|5001||,10.233.93.22
217,66824105114,2022-04-12T18:57:29.314Z,/detect/,200,153,152,77,26284,10.233.65.16,inbound|5001||,10.233.93.22
218,66827105114,2022-04-12T18:57:29.685Z,/detect/,200,126,125,60,24601,10.233.65.16,inbound|5001||,10.233.93.22
219,66833105114,2022-04-12T18:57:30.166Z,/detect/,200,125,124,60,16762,10.233.65.16,inbound|5001||,10.233.93.22
220,66842105114,2022-04-12T18:57:30.953Z,/detect/,200,142,127,76,24291,10.233.65.16,inbound|5001||,10.233.93.22
221,66843105114,2022-04-12T18:57:31.124Z,/detect/,200,50,49,76,16745,10.233.65.16,inbound|5001||,10.233.93.22
222,66853105114,2022-04-12T18:57:31.760Z,/detect/,200,89,88,76,18165,10.233.65.16,inbound|5001||,10.233.93.22
223,66857105114,2022-04-12T18:57:32.114Z,/detect/,200,179,138,75,21494,10.233.65.16,inbound|5001||,10.233.93.22
224,66873105114,2022-04-12T18:57:33.730Z,/detect/,200,234,233,75,15951,10.233.65.16,inbound|5001||,10.233.93.22
225,66874105114,2022-04-12T18:57:33.742Z,/detect/,200,232,231,75,23029,10.233.65.16,inbound|5001||,10.233.93.22
226,66877105114,2022-04-12T18:57:34.090Z,/detect/,200,79,78,75,15033,10.233.65.16,inbound|5001||,10.233.93.22
227,66878105114,2022-04-12T18:57:34.168Z,/detect/,200,165,163,75,17063,10.233.65.16,inbound|5001||,10.233.93.22
228,66881105114,2022-04-12T18:57:34.201Z,/detect/,200,139,138,60,16901,10.233.65.16,inbound|5001||,10.233.93.22
229,66888105114,2022-04-12T18:57:34.454Z,/detect/,200,107,106,76,27570,10.233.65.16,inbound|5001||,10.233.93.22
230,66897105114,2022-04-12T18:57:35.429Z,/detect/,200,159,158,75,20069,10.233.65.16,inbound|5001||,10.233.93.22
231,66899105114,2022-04-12T18:57:35.483Z,/detect/,200,164,133,73,27032,10.233.65.16,inbound|5001||,10.233.93.22
232,66911105114,2022-04-12T18:57:36.272Z,/detect/,200,70,69,74,11369,10.233.65.16,inbound|5001||,10.233.93.22
233,66910105114,2022-04-12T18:57:36.305Z,/detect/,200,74,74,60,16449,10.233.65.16,inbound|5001||,10.233.93.22
234,66923105114,2022-04-12T18:57:37.556Z,/detect/,200,128,126,75,16899,10.233.65.16,inbound|5001||,10.233.93.22
235,66929105114,2022-04-12T18:57:38.081Z,/detect/,200,126,125,76,14633,10.233.65.16,inbound|5001||,10.233.93.22
236,66933105114,2022-04-12T18:57:38.278Z,/detect/,200,100,99,93,14003,10.233.65.16,inbound|5001||,10.233.93.22
237,66939105114,2022-04-12T18:57:38.768Z,/detect/,200,112,111,103,32790,10.233.65.16,inbound|5001||,10.233.93.22
238,66941105114,2022-04-12T18:57:38.969Z,/detect/,200,120,117,92,19263,10.233.65.16,inbound|5001||,10.233.93.22
239,66940105114,2022-04-12T18:57:38.970Z,/detect/,200,130,130,76,19565,10.233.65.16,inbound|5001||,10.233.93.22
240,66947105114,2022-04-12T18:57:39.280Z,/detect/,200,171,123,75,15328,10.233.65.16,inbound|5001||,10.233.93.22
241,66954105114,2022-04-12T18:57:39.631Z,/detect/,200,103,102,60,13916,10.233.65.16,inbound|5001||,10.233.93.22
242,66957105114,2022-04-12T18:57:40.025Z,/detect/,200,168,162,103,20631,10.233.65.16,inbound|5001||,10.233.93.22
243,66959105114,2022-04-12T18:57:40.057Z,/detect/,200,153,152,76,16036,10.233.65.16,inbound|5001||,10.233.93.22
244,66964105114,2022-04-12T18:57:40.420Z,/detect/,200,149,103,75,16891,10.233.65.16,inbound|5001||,10.233.93.22
245,66966105114,2022-04-12T18:57:40.547Z,/detect/,200,90,73,89,26740,10.233.65.16,inbound|5001||,10.233.93.22
246,66968105114,2022-04-12T18:57:40.634Z,/detect/,200,72,63,60,20034,10.233.65.16,inbound|5001||,10.233.93.22
247,66976105114,2022-04-12T18:57:41.541Z,/detect/,200,153,151,76,13439,10.233.65.16,inbound|5001||,10.233.93.22
248,66991105114,2022-04-12T18:57:42.600Z,/detect/,200,122,119,166,24461,10.233.65.16,inbound|5001||,10.233.93.22
249,67003105114,2022-04-12T18:57:44.025Z,/detect/,200,162,161,105,18459,10.233.65.16,inbound|5001||,10.233.93.22
250,67007105114,2022-04-12T18:57:44.407Z,/detect/,200,102,100,76,21438,10.233.65.16,inbound|5001||,10.233.93.22
251,67018105114,2022-04-12T18:57:46.149Z,/detect/,200,91,89,60,18890,10.233.65.16,inbound|5001||,10.233.93.22
252,67023105114,2022-04-12T18:57:46.495Z,/detect/,200,195,144,108,17399,10.233.65.16,inbound|5001||,10.233.93.22
253,67027105114,2022-04-12T18:57:46.694Z,/detect/,200,83,82,75,14021,10.233.65.16,inbound|5001||,10.233.93.22
254,67047105114,2022-04-12T18:57:48.340Z,/detect/,200,113,112,60,22684,10.233.65.16,inbound|5001||,10.233.93.22
255,67056105114,2022-04-12T18:57:48.976Z,/detect/,200,177,177,76,18885,10.233.65.16,inbound|5001||,10.233.93.22
256,67057105114,2022-04-12T18:57:48.994Z,/detect/,200,146,145,60,15899,10.233.65.16,inbound|5001||,10.233.93.22
257,67069105114,2022-04-12T18:57:49.814Z,/detect/,200,165,164,75,14516,10.233.65.16,inbound|5001||,10.233.93.22
258,67078105114,2022-04-12T18:57:50.503Z,/detect/,200,153,152,76,29440,10.233.65.16,inbound|5001||,10.233.93.22
259,67083105114,2022-04-12T18:57:50.919Z,/detect/,200,122,120,74,17011,10.233.65.16,inbound|5001||,10.233.93.22
260,67096105114,2022-04-12T18:57:51.903Z,/detect/,200,249,242,75,22201,10.233.65.16,inbound|5001||,10.233.93.22
261,67098105114,2022-04-12T18:57:51.929Z,/detect/,200,243,242,90,23450,10.233.65.16,inbound|5001||,10.233.93.22
262,67101105114,2022-04-12T18:57:52.028Z,/detect/,200,170,149,88,23976,10.233.65.16,inbound|5001||,10.233.93.22
263,67105105114,2022-04-12T18:57:52.351Z,/detect/,200,193,191,75,16918,10.233.65.16,inbound|5001||,10.233.93.22
264,67106105114,2022-04-12T18:57:52.354Z,/detect/,200,267,222,74,19534,10.233.65.16,inbound|5001||,10.233.93.22
265,67108105114,2022-04-12T18:57:52.500Z,/detect/,200,141,132,72,19045,10.233.65.16,inbound|5001||,10.233.93.22
266,67111105114,2022-04-12T18:57:52.800Z,/detect/,200,125,124,75,20278,10.233.65.16,inbound|5001||,10.233.93.22
267,67113105114,2022-04-12T18:57:52.829Z,/detect/,200,248,206,73,35439,10.233.65.16,inbound|5001||,10.233.93.22
268,67116105114,2022-04-12T18:57:52.993Z,/detect/,200,168,167,75,17349,10.233.65.16,inbound|5001||,10.233.93.22
269,67115105114,2022-04-12T18:57:53.025Z,/detect/,200,141,140,75,18173,10.233.65.16,inbound|5001||,10.233.93.22
270,67132105114,2022-04-12T18:57:54.673Z,/detect/,200,141,139,103,26222,10.233.65.16,inbound|5001||,10.233.93.22
271,67136105114,2022-04-12T18:57:54.927Z,/detect/,200,133,132,88,23847,10.233.65.16,inbound|5001||,10.233.93.22
272,67144105114,2022-04-12T18:57:55.289Z,/detect/,200,121,120,76,26125,10.233.65.16,inbound|5001||,10.233.93.22
273,67145105114,2022-04-12T18:57:55.305Z,/detect/,200,96,84,60,20921,10.233.65.16,inbound|5001||,10.233.93.22
274,67148105114,2022-04-12T18:57:55.594Z,/detect/,200,98,54,76,22814,10.233.65.16,inbound|5001||,10.233.93.22
275,67152105114,2022-04-12T18:57:55.792Z,/detect/,200,115,111,75,33811,10.233.65.16,inbound|5001||,10.233.93.22
276,67157105114,2022-04-12T18:57:55.996Z,/detect/,200,176,133,75,33724,10.233.65.16,inbound|5001||,10.233.93.22
277,67177105114,2022-04-12T18:57:56.923Z,/detect/,200,71,70,76,16694,10.233.65.16,inbound|5001||,10.233.93.22
278,67179105114,2022-04-12T18:57:57.016Z,/detect/,200,80,72,76,25633,10.233.65.16,inbound|5001||,10.233.93.22
279,67186105114,2022-04-12T18:57:57.425Z,/detect/,200,238,190,74,20120,10.233.65.16,inbound|5001||,10.233.93.22
280,67184105114,2022-04-12T18:57:57.454Z,/detect/,200,203,200,74,26257,10.233.65.16,inbound|5001||,10.233.93.22
281,67194105114,2022-04-12T18:57:57.896Z,/detect/,200,100,98,76,12296,10.233.65.16,inbound|5001||,10.233.93.22
282,67207105114,2022-04-12T18:57:58.957Z,/detect/,200,68,67,105,21684,10.233.65.16,inbound|5001||,10.233.93.22
283,67209105114,2022-04-12T18:57:59.185Z,/detect/,200,126,125,75,17858,10.233.65.16,inbound|5001||,10.233.93.22
284,67216105114,2022-04-12T18:57:59.933Z,/detect/,200,164,163,75,25605,10.233.65.16,inbound|5001||,10.233.93.22
285,67218105114,2022-04-12T18:58:00.045Z,/detect/,200,130,129,60,15069,10.233.65.16,inbound|5001||,10.233.93.22
286,67219105114,2022-04-12T18:58:00.069Z,/detect/,200,92,90,73,13762,10.233.65.16,inbound|5001||,10.233.93.22
287,67227105114,2022-04-12T18:58:00.810Z,/detect/,200,87,85,76,18049,10.233.65.16,inbound|5001||,10.233.93.22
288,67230105114,2022-04-12T18:58:01.006Z,/detect/,200,130,123,75,22686,10.233.65.16,inbound|5001||,10.233.93.22
289,67229105114,2022-04-12T18:58:01.043Z,/detect/,200,116,115,60,17992,10.233.65.16,inbound|5001||,10.233.93.22
290,67233105114,2022-04-12T18:58:01.255Z,/detect/,200,93,93,92,24151,10.233.65.16,inbound|5001||,10.233.93.22
291,67236105114,2022-04-12T18:58:01.657Z,/detect/,200,128,122,75,19204,10.233.65.16,inbound|5001||,10.233.93.22
292,67238105114,2022-04-12T18:58:01.836Z,/detect/,200,77,76,75,12198,10.233.65.16,inbound|5001||,10.233.93.22
293,67244105114,2022-04-12T18:58:01.957Z,/detect/,200,232,201,88,24118,10.233.65.16,inbound|5001||,10.233.93.22
294,67245105114,2022-04-12T18:58:01.987Z,/detect/,200,228,222,76,20659,10.233.65.16,inbound|5001||,10.233.93.22
295,67247105114,2022-04-12T18:58:02.374Z,/detect/,200,193,145,75,22818,10.233.65.16,inbound|5001||,10.233.93.22
296,67265105114,2022-04-12T18:58:04.267Z,/detect/,200,63,62,60,14737,10.233.65.16,inbound|5001||,10.233.93.22
297,67270105114,2022-04-12T18:58:04.559Z,/detect/,200,158,153,75,31433,10.233.65.16,inbound|5001||,10.233.93.22
298,67274105114,2022-04-12T18:58:04.714Z,/detect/,200,162,161,75,17048,10.233.65.16,inbound|5001||,10.233.93.22
299,67275105114,2022-04-12T18:58:04.722Z,/detect/,200,171,170,75,15250,10.233.65.16,inbound|5001||,10.233.93.22
300,67280105114,2022-04-12T18:58:05.042Z,/detect/,200,90,88,74,21149,10.233.65.16,inbound|5001||,10.233.93.22
301,67283105114,2022-04-12T18:58:05.413Z,/detect/,200,105,103,76,14603,10.233.65.16,inbound|5001||,10.233.93.22
302,67286105114,2022-04-12T18:58:05.461Z,/detect/,200,126,125,75,15082,10.233.65.16,inbound|5001||,10.233.93.22
303,67298105114,2022-04-12T18:58:06.097Z,/detect/,200,98,97,76,18848,10.233.65.16,inbound|5001||,10.233.93.22
304,67305105114,2022-04-12T18:58:06.870Z,/detect/,200,148,144,89,23398,10.233.65.16,inbound|5001||,10.233.93.22
305,67306105114,2022-04-12T18:58:06.917Z,/detect/,200,146,145,74,23909,10.233.65.16,inbound|5001||,10.233.93.22
306,67324105114,2022-04-12T18:58:08.276Z,/detect/,200,168,166,74,24435,10.233.65.16,inbound|5001||,10.233.93.22
307,67328105114,2022-04-12T18:58:08.725Z,/detect/,200,123,122,75,23577,10.233.65.16,inbound|5001||,10.233.93.22
308,67347105114,2022-04-12T18:58:09.746Z,/detect/,200,301,300,77,18353,10.233.65.16,inbound|5001||,10.233.93.22
309,67351105114,2022-04-12T18:58:09.791Z,/detect/,200,245,243,75,34359,10.233.65.16,inbound|5001||,10.233.93.22
310,67353105114,2022-04-12T18:58:09.874Z,/detect/,200,373,365,73,28019,10.233.65.16,inbound|5001||,10.233.93.22
311,67355105114,2022-04-12T18:58:09.886Z,/detect/,200,301,300,75,26779,10.233.65.16,inbound|5001||,10.233.93.22
312,67356105114,2022-04-12T18:58:09.903Z,/detect/,200,349,348,76,27954,10.233.65.16,inbound|5001||,10.233.93.22
313,67357105114,2022-04-12T18:58:09.953Z,/detect/,200,215,214,75,21684,10.233.65.16,inbound|5001||,10.233.93.22
314,67358105114,2022-04-12T18:58:10.189Z,/detect/,200,86,86,60,14830,10.233.65.16,inbound|5001||,10.233.93.22
315,67369105114,2022-04-12T18:58:10.990Z,/detect/,200,129,129,75,12773,10.233.65.16,inbound|5001||,10.233.93.22
316,67370105114,2022-04-12T18:58:11.019Z,/detect/,200,102,101,93,14842,10.233.65.16,inbound|5001||,10.233.93.22
317,67373105114,2022-04-12T18:58:11.437Z,/detect/,200,148,148,75,13865,10.233.65.16,inbound|5001||,10.233.93.22
318,67374105114,2022-04-12T18:58:11.469Z,/detect/,200,133,132,60,19442,10.233.65.16,inbound|5001||,10.233.93.22
319,67379105114,2022-04-12T18:58:11.684Z,/detect/,200,120,119,91,23374,10.233.65.16,inbound|5001||,10.233.93.22
320,67380105114,2022-04-12T18:58:11.688Z,/detect/,200,138,74,75,33839,10.233.65.16,inbound|5001||,10.233.93.22
321,67383105114,2022-04-12T18:58:11.978Z,/detect/,200,74,74,74,29813,10.233.65.16,inbound|5001||,10.233.93.22
322,67392105114,2022-04-12T18:58:12.595Z,/detect/,200,54,53,76,15275,10.233.65.16,inbound|5001||,10.233.93.22
323,67401105114,2022-04-12T18:58:13.374Z,/detect/,200,139,134,60,22683,10.233.65.16,inbound|5001||,10.233.93.22
324,67402105114,2022-04-12T18:58:13.751Z,/detect/,200,72,71,92,20122,10.233.65.16,inbound|5001||,10.233.93.22
325,67403105114,2022-04-12T18:58:13.829Z,/detect/,200,98,91,90,19460,10.233.65.16,inbound|5001||,10.233.93.22
326,67418105114,2022-04-12T18:58:14.554Z,/detect/,200,93,92,75,12592,10.233.65.16,inbound|5001||,10.233.93.22
327,67428105114,2022-04-12T18:58:15.005Z,/detect/,200,161,160,74,24249,10.233.65.16,inbound|5001||,10.233.93.22
328,67429105114,2022-04-12T18:58:15.022Z,/detect/,200,145,144,75,18478,10.233.65.16,inbound|5001||,10.233.93.22
329,67458105114,2022-04-12T18:58:16.987Z,/detect/,200,153,152,75,21805,10.233.65.16,inbound|5001||,10.233.93.22
330,67463105114,2022-04-12T18:58:17.330Z,/detect/,200,135,90,76,18371,10.233.65.16,inbound|5001||,10.233.93.22
331,67464105114,2022-04-12T18:58:17.409Z,/detect/,200,80,79,76,14534,10.233.65.16,inbound|5001||,10.233.93.22
332,67471105114,2022-04-12T18:58:17.786Z,/detect/,200,116,114,73,17427,10.233.65.16,inbound|5001||,10.233.93.22
333,67480105114,2022-04-12T18:58:18.340Z,/detect/,200,182,182,88,21314,10.233.65.16,inbound|5001||,10.233.93.22
334,67481105114,2022-04-12T18:58:18.357Z,/detect/,200,162,161,74,23431,10.233.65.16,inbound|5001||,10.233.93.22
335,67482105114,2022-04-12T18:58:18.494Z,/detect/,200,78,77,73,11911,10.233.65.16,inbound|5001||,10.233.93.22
336,67483105114,2022-04-12T18:58:18.698Z,/detect/,200,125,124,73,19966,10.233.65.16,inbound|5001||,10.233.93.22
337,67487105114,2022-04-12T18:58:18.905Z,/detect/,200,79,79,76,20505,10.233.65.16,inbound|5001||,10.233.93.22
338,67485105114,2022-04-12T18:58:18.938Z,/detect/,200,102,101,88,19994,10.233.65.16,inbound|5001||,10.233.93.22
339,67492105114,2022-04-12T18:58:19.117Z,/detect/,200,79,78,75,13965,10.233.65.16,inbound|5001||,10.233.93.22
340,67495105114,2022-04-12T18:58:19.255Z,/detect/,200,106,104,75,17192,10.233.65.16,inbound|5001||,10.233.93.22
341,67496105114,2022-04-12T18:58:19.549Z,/detect/,200,109,107,76,17318,10.233.65.16,inbound|5001||,10.233.93.22
342,67500105114,2022-04-12T18:58:19.723Z,/detect/,200,99,98,60,15207,10.233.65.16,inbound|5001||,10.233.93.22
343,67506105114,2022-04-12T18:58:20.099Z,/detect/,200,225,157,60,23861,10.233.65.16,inbound|5001||,10.233.93.22
344,67512105114,2022-04-12T18:58:20.244Z,/detect/,200,178,176,75,10664,10.233.65.16,inbound|5001||,10.233.93.22
345,67514105114,2022-04-12T18:58:20.542Z,/detect/,200,155,154,93,14153,10.233.65.16,inbound|5001||,10.233.93.22
346,67515105114,2022-04-12T18:58:20.669Z,/detect/,200,105,102,60,27566,10.233.65.16,inbound|5001||,10.233.93.22
347,67525105114,2022-04-12T18:58:21.524Z,/detect/,200,211,192,149,41637,10.233.65.16,inbound|5001||,10.233.93.22
348,67529105114,2022-04-12T18:58:21.767Z,/detect/,200,64,60,74,20307,10.233.65.16,inbound|5001||,10.233.93.22
349,67531105114,2022-04-12T18:58:21.910Z,/detect/,200,135,134,60,20722,10.233.65.16,inbound|5001||,10.233.93.22
350,67545105114,2022-04-12T18:58:22.694Z,/detect/,200,163,163,76,16583,10.233.65.16,inbound|5001||,10.233.93.22
351,67546105114,2022-04-12T18:58:22.727Z,/detect/,200,121,120,73,21956,10.233.65.16,inbound|5001||,10.233.93.22
352,67550105114,2022-04-12T18:58:22.841Z,/detect/,200,125,124,75,15333,10.233.65.16,inbound|5001||,10.233.93.22
353,67553105114,2022-04-12T18:58:23.042Z,/detect/,200,121,116,88,24860,10.233.65.16,inbound|5001||,10.233.93.22
354,67554105114,2022-04-12T18:58:23.117Z,/detect/,200,106,105,89,15736,10.233.65.16,inbound|5001||,10.233.93.22
355,67562105114,2022-04-12T18:58:23.618Z,/detect/,200,102,101,74,13207,10.233.65.16,inbound|5001||,10.233.93.22
356,67567105114,2022-04-12T18:58:23.930Z,/detect/,200,215,214,74,20807,10.233.65.16,inbound|5001||,10.233.93.22
357,67570105114,2022-04-12T18:58:24.013Z,/detect/,200,185,184,75,16993,10.233.65.16,inbound|5001||,10.233.93.22
358,67569105114,2022-04-12T18:58:24.020Z,/detect/,200,204,203,75,25294,10.233.65.16,inbound|5001||,10.233.93.22
359,67575105114,2022-04-12T18:58:24.322Z,/detect/,200,138,128,93,33564,10.233.65.16,inbound|5001||,10.233.93.22
360,67580105114,2022-04-12T18:58:24.768Z,/detect/,200,64,63,74,14785,10.233.65.16,inbound|5001||,10.233.93.22
361,67581105114,2022-04-12T18:58:24.853Z,/detect/,200,69,64,75,19644,10.233.65.16,inbound|5001||,10.233.93.22
362,67584105114,2022-04-12T18:58:24.938Z,/detect/,200,93,92,74,20893,10.233.65.16,inbound|5001||,10.233.93.22
363,67595105114,2022-04-12T18:58:25.565Z,/detect/,200,76,75,76,14369,10.233.65.16,inbound|5001||,10.233.93.22
364,67608105114,2022-04-12T18:58:26.358Z,/detect/,200,141,121,122,26429,10.233.65.16,inbound|5001||,10.233.93.22
365,67612105114,2022-04-12T18:58:26.614Z,/detect/,200,113,112,75,14491,10.233.65.16,inbound|5001||,10.233.93.22
366,67615105114,2022-04-12T18:58:26.658Z,/detect/,200,252,206,74,21146,10.233.65.16,inbound|5001||,10.233.93.22
367,67614105114,2022-04-12T18:58:26.706Z,/detect/,200,318,317,76,23940,10.233.65.16,inbound|5001||,10.233.93.22
368,67616105114,2022-04-12T18:58:26.749Z,/detect/,200,244,244,74,19763,10.233.65.16,inbound|5001||,10.233.93.22
369,67617105114,2022-04-12T18:58:26.770Z,/detect/,200,293,277,166,24461,10.233.65.16,inbound|5001||,10.233.93.22
370,67618105114,2022-04-12T18:58:26.776Z,/detect/,200,278,277,75,16625,10.233.65.16,inbound|5001||,10.233.93.22
371,67625105114,2022-04-12T18:58:27.173Z,/detect/,200,112,111,76,15359,10.233.65.16,inbound|5001||,10.233.93.22
372,67629105114,2022-04-12T18:58:27.364Z,/detect/,200,99,98,75,16731,10.233.65.16,inbound|5001||,10.233.93.22
373,67633105114,2022-04-12T18:58:27.587Z,/detect/,200,114,112,76,14143,10.233.65.16,inbound|5001||,10.233.93.22
374,67638105114,2022-04-12T18:58:27.852Z,/detect/,200,114,109,75,19115,10.233.65.16,inbound|5001||,10.233.93.22
375,67656105114,2022-04-12T18:58:29.141Z,/detect/,200,77,70,75,18067,10.233.65.16,inbound|5001||,10.233.93.22
376,67659105114,2022-04-12T18:58:29.227Z,/detect/,200,91,89,75,12320,10.233.65.16,inbound|5001||,10.233.93.22
377,67661105114,2022-04-12T18:58:29.316Z,/detect/,200,173,172,89,14865,10.233.65.16,inbound|5001||,10.233.93.22
378,67662105114,2022-04-12T18:58:29.375Z,/detect/,200,120,119,75,13269,10.233.65.16,inbound|5001||,10.233.93.22
379,67663105114,2022-04-12T18:58:29.549Z,/detect/,200,69,60,74,20478,10.233.65.16,inbound|5001||,10.233.93.22
380,67673105114,2022-04-12T18:58:31.079Z,/detect/,200,141,138,74,25906,10.233.65.16,inbound|5001||,10.233.93.22
381,67688105114,2022-04-12T18:58:32.016Z,/detect/,200,183,181,75,23253,10.233.65.16,inbound|5001||,10.233.93.22
382,67692105114,2022-04-12T18:58:32.331Z,/detect/,200,302,251,120,19212,10.233.65.16,inbound|5001||,10.233.93.22
383,67694105114,2022-04-12T18:58:32.425Z,/detect/,200,319,318,90,23540,10.233.65.16,inbound|5001||,10.233.93.22
384,67695105114,2022-04-12T18:58:32.485Z,/detect/,200,301,300,91,27321,10.233.65.16,inbound|5001||,10.233.93.22
385,67696105114,2022-04-12T18:58:32.517Z,/detect/,200,251,250,75,18392,10.233.65.16,inbound|5001||,10.233.93.22
386,67698105114,2022-04-12T18:58:32.605Z,/detect/,200,164,156,74,31704,10.233.65.16,inbound|5001||,10.233.93.22
387,67710105114,2022-04-12T18:58:34.003Z,/detect/,200,98,97,88,13423,10.233.65.16,inbound|5001||,10.233.93.22
388,67712105114,2022-04-12T18:58:34.156Z,/detect/,200,144,143,75,26766,10.233.65.16,inbound|5001||,10.233.93.22
389,67716105114,2022-04-12T18:58:34.313Z,/detect/,200,137,136,76,19262,10.233.65.16,inbound|5001||,10.233.93.22
390,67719105114,2022-04-12T18:58:34.608Z,/detect/,200,149,148,73,27477,10.233.65.16,inbound|5001||,10.233.93.22
391,67725105114,2022-04-12T18:58:34.950Z,/detect/,200,110,109,75,18288,10.233.65.16,inbound|5001||,10.233.93.22
392,67726105114,2022-04-12T18:58:35.071Z,/detect/,200,158,106,74,19256,10.233.65.16,inbound|5001||,10.233.93.22
393,67728105114,2022-04-12T18:58:35.129Z,/detect/,200,128,120,75,17202,10.233.65.16,inbound|5001||,10.233.93.22
394,67739105114,2022-04-12T18:58:35.890Z,/detect/,200,156,155,75,25522,10.233.65.16,inbound|5001||,10.233.93.22
395,67743105114,2022-04-12T18:58:36.013Z,/detect/,200,89,88,75,17953,10.233.65.16,inbound|5001||,10.233.93.22
396,67753105114,2022-04-12T18:58:36.483Z,/detect/,200,168,148,74,15923,10.233.65.16,inbound|5001||,10.233.93.22
397,67763105114,2022-04-12T18:58:37.033Z,/detect/,200,85,84,108,14003,10.233.65.16,inbound|5001||,10.233.93.22
398,67790105114,2022-04-12T18:58:39.092Z,/detect/,200,137,136,74,14175,10.233.65.16,inbound|5001||,10.233.93.22
399,67791105114,2022-04-12T18:58:39.153Z,/detect/,200,126,123,60,16026,10.233.65.16,inbound|5001||,10.233.93.22
400,67794105114,2022-04-12T18:58:39.381Z,/detect/,200,121,120,76,22323,10.233.65.16,inbound|5001||,10.233.93.22
401,67805105114,2022-04-12T18:58:39.861Z,/detect/,200,149,147,75,17926,10.233.65.16,inbound|5001||,10.233.93.22
402,67809105114,2022-04-12T18:58:40.072Z,/detect/,200,155,154,76,19572,10.233.65.16,inbound|5001||,10.233.93.22
403,67815105114,2022-04-12T18:58:40.416Z,/detect/,200,138,133,73,17881,10.233.65.16,inbound|5001||,10.233.93.22
404,67818105114,2022-04-12T18:58:40.990Z,/detect/,200,140,137,73,19044,10.233.65.16,inbound|5001||,10.233.93.22
405,67830105114,2022-04-12T18:58:41.947Z,/detect/,200,65,64,89,17863,10.233.65.16,inbound|5001||,10.233.93.22
406,67832105114,2022-04-12T18:58:42.061Z,/detect/,200,48,48,75,19306,10.233.65.16,inbound|5001||,10.233.93.22
407,67836105114,2022-04-12T18:58:42.181Z,/detect/,200,61,60,76,17030,10.233.65.16,inbound|5001||,10.233.93.22
408,67839105114,2022-04-12T18:58:42.444Z,/detect/,200,117,115,76,18865,10.233.65.16,inbound|5001||,10.233.93.22
409,67849105114,2022-04-12T18:58:43.054Z,/detect/,200,128,121,75,20986,10.233.65.16,inbound|5001||,10.233.93.22
410,67854105114,2022-04-12T18:58:43.247Z,/detect/,200,83,82,76,13491,10.233.65.16,inbound|5001||,10.233.93.22
411,67857105114,2022-04-12T18:58:43.680Z,/detect/,200,208,207,75,27875,10.233.65.16,inbound|5001||,10.233.93.22
412,67859105114,2022-04-12T18:58:43.761Z,/detect/,200,123,122,60,26027,10.233.65.16,inbound|5001||,10.233.93.22
413,67860105114,2022-04-12T18:58:43.776Z,/detect/,200,131,129,74,25110,10.233.65.16,inbound|5001||,10.233.93.22
414,67861105114,2022-04-12T18:58:43.897Z,/detect/,200,71,70,72,22573,10.233.65.16,inbound|5001||,10.233.93.22
415,67873105114,2022-04-12T18:58:44.332Z,/detect/,200,153,152,76,18994,10.233.65.16,inbound|5001||,10.233.93.22
416,67875105114,2022-04-12T18:58:44.385Z,/detect/,200,131,89,88,19171,10.233.65.16,inbound|5001||,10.233.93.22
417,67876105114,2022-04-12T18:58:44.579Z,/detect/,200,110,109,92,23795,10.233.65.16,inbound|5001||,10.233.93.22
418,67880105114,2022-04-12T18:58:45.085Z,/detect/,200,165,163,76,28121,10.233.65.16,inbound|5001||,10.233.93.22
419,67883105114,2022-04-12T18:58:45.506Z,/detect/,200,152,129,60,22055,10.233.65.16,inbound|5001||,10.233.93.22
420,67887105114,2022-04-12T18:58:45.890Z,/detect/,200,196,192,76,23909,10.233.65.16,inbound|5001||,10.233.93.22
421,67890105114,2022-04-12T18:58:46.164Z,/detect/,200,235,187,76,26258,10.233.65.16,inbound|5001||,10.233.93.22
422,67891105114,2022-04-12T18:58:46.245Z,/detect/,200,153,152,60,23079,10.233.65.16,inbound|5001||,10.233.93.22
423,67894105114,2022-04-12T18:58:46.356Z,/detect/,200,100,98,75,19045,10.233.65.16,inbound|5001||,10.233.93.22
424,67898105114,2022-04-12T18:58:46.521Z,/detect/,200,77,76,90,18233,10.233.65.16,inbound|5001||,10.233.93.22
425,67903105114,2022-04-12T18:58:46.742Z,/detect/,200,116,46,76,26159,10.233.65.16,inbound|5001||,10.233.93.22
426,67908105114,2022-04-12T18:58:47.077Z,/detect/,200,156,109,76,24649,10.233.65.16,inbound|5001||,10.233.93.22
427,67910105114,2022-04-12T18:58:47.335Z,/detect/,200,145,144,60,18619,10.233.65.16,inbound|5001||,10.233.93.22
428,67911105114,2022-04-12T18:58:47.429Z,/detect/,200,93,92,75,18049,10.233.65.16,inbound|5001||,10.233.93.22
429,67913105114,2022-04-12T18:58:47.587Z,/detect/,200,56,56,74,15797,10.233.65.16,inbound|5001||,10.233.93.22
430,67915105114,2022-04-12T18:58:47.670Z,/detect/,200,87,86,74,18875,10.233.65.16,inbound|5001||,10.233.93.22
431,67919105114,2022-04-12T18:58:48.437Z,/detect/,200,140,138,74,26551,10.233.65.16,inbound|5001||,10.233.93.22
432,67922105114,2022-04-12T18:58:48.718Z,/detect/,200,124,118,74,17558,10.233.65.16,inbound|5001||,10.233.93.22
433,67926105114,2022-04-12T18:58:49.010Z,/detect/,200,80,79,60,12797,10.233.65.16,inbound|5001||,10.233.93.22
434,67927105114,2022-04-12T18:58:49.073Z,/detect/,200,146,140,74,19059,10.233.65.16,inbound|5001||,10.233.93.22
435,67936105114,2022-04-12T18:58:49.879Z,/detect/,200,258,257,76,14141,10.233.65.16,inbound|5001||,10.233.93.22
436,67937105114,2022-04-12T18:58:49.909Z,/detect/,200,241,240,75,15594,10.233.65.16,inbound|5001||,10.233.93.22
437,67938105114,2022-04-12T18:58:49.945Z,/detect/,200,226,211,75,19458,10.233.65.16,inbound|5001||,10.233.93.22
438,67942105114,2022-04-12T18:58:50.422Z,/detect/,200,157,115,90,18557,10.233.65.16,inbound|5001||,10.233.93.22
439,67946105114,2022-04-12T18:58:50.798Z,/detect/,200,130,129,74,19058,10.233.65.16,inbound|5001||,10.233.93.22
440,67959105114,2022-04-12T18:58:51.937Z,/detect/,200,96,95,60,18103,10.233.65.16,inbound|5001||,10.233.93.22
441,67970105114,2022-04-12T18:58:52.293Z,/detect/,200,125,124,88,16870,10.233.65.16,inbound|5001||,10.233.93.22
442,67971105114,2022-04-12T18:58:52.401Z,/detect/,200,95,73,75,20436,10.233.65.16,inbound|5001||,10.233.93.22
443,67975105114,2022-04-12T18:58:52.689Z,/detect/,200,135,134,90,25712,10.233.65.16,inbound|5001||,10.233.93.22
444,67981105114,2022-04-12T18:58:53.437Z,/detect/,200,113,112,88,14403,10.233.65.16,inbound|5001||,10.233.93.22
445,67986105114,2022-04-12T18:58:54.042Z,/detect/,200,81,80,76,18942,10.233.65.16,inbound|5001||,10.233.93.22
446,67998105114,2022-04-12T18:58:54.824Z,/detect/,200,276,275,77,18247,10.233.65.16,inbound|5001||,10.233.93.22
447,67999105114,2022-04-12T18:58:54.833Z,/detect/,200,221,219,76,15794,10.233.65.16,inbound|5001||,10.233.93.22
448,68000105114,2022-04-12T18:58:54.861Z,/detect/,200,231,229,90,16075,10.233.65.16,inbound|5001||,10.233.93.22
449,68009105114,2022-04-12T18:58:55.747Z,/detect/,200,72,71,60,25746,10.233.65.16,inbound|5001||,10.233.93.22
450,68010105114,2022-04-12T18:58:55.883Z,/detect/,200,152,137,60,20848,10.233.65.16,inbound|5001||,10.233.93.22
451,68013105114,2022-04-12T18:58:55.977Z,/detect/,200,127,126,76,13157,10.233.65.16,inbound|5001||,10.233.93.22
452,68018105114,2022-04-12T18:58:56.271Z,/detect/,200,129,129,76,23785,10.233.65.16,inbound|5001||,10.233.93.22
453,68017105114,2022-04-12T18:58:56.306Z,/detect/,200,126,125,92,17975,10.233.65.16,inbound|5001||,10.233.93.22
454,68024105114,2022-04-12T18:58:56.855Z,/detect/,200,108,107,93,21419,10.233.65.16,inbound|5001||,10.233.93.22
455,68026105114,2022-04-12T18:58:56.980Z,/detect/,200,65,64,90,21132,10.233.65.16,inbound|5001||,10.233.93.22
456,68028105114,2022-04-12T18:58:57.049Z,/detect/,200,77,76,89,18062,10.233.65.16,inbound|5001||,10.233.93.22
457,68037105114,2022-04-12T18:58:57.435Z,/detect/,200,133,132,75,14771,10.233.65.16,inbound|5001||,10.233.93.22
458,68040105114,2022-04-12T18:58:57.606Z,/detect/,200,159,157,90,14437,10.233.65.16,inbound|5001||,10.233.93.22
459,68044105114,2022-04-12T18:58:58.023Z,/detect/,200,102,101,75,20329,10.233.65.16,inbound|5001||,10.233.93.22
460,68055105114,2022-04-12T18:58:58.871Z,/detect/,200,98,75,89,23123,10.233.65.16,inbound|5001||,10.233.93.22
461,68062105114,2022-04-12T18:58:59.056Z,/detect/,200,268,267,76,22143,10.233.65.16,inbound|5001||,10.233.93.22
462,68060105114,2022-04-12T18:58:59.071Z,/detect/,200,259,258,60,15890,10.233.65.16,inbound|5001||,10.233.93.22
463,68063105114,2022-04-12T18:58:59.113Z,/detect/,200,204,202,75,19022,10.233.65.16,inbound|5001||,10.233.93.22
464,68065105114,2022-04-12T18:58:59.284Z,/detect/,200,88,87,116,18844,10.233.65.16,inbound|5001||,10.233.93.22
465,68068105114,2022-04-12T18:59:00.264Z,/detect/,200,142,141,60,15688,10.233.65.16,inbound|5001||,10.233.93.22
466,68075105114,2022-04-12T18:59:00.595Z,/detect/,200,79,78,92,16991,10.233.65.16,inbound|5001||,10.233.93.22
467,68084105114,2022-04-12T18:59:01.294Z,/detect/,200,138,137,90,15006,10.233.65.16,inbound|5001||,10.233.93.22
468,68092105114,2022-04-12T18:59:01.814Z,/detect/,200,246,246,75,15171,10.233.65.16,inbound|5001||,10.233.93.22
469,68095105114,2022-04-12T18:59:01.867Z,/detect/,200,193,192,74,12139,10.233.65.16,inbound|5001||,10.233.93.22
470,68094105114,2022-04-12T18:59:01.915Z,/detect/,200,153,151,107,22756,10.233.65.16,inbound|5001||,10.233.93.22
471,68097105114,2022-04-12T18:59:02.126Z,/detect/,200,84,81,76,17317,10.233.65.16,inbound|5001||,10.233.93.22
472,68106105114,2022-04-12T18:59:03.017Z,/detect/,200,82,82,60,17097,10.233.65.16,inbound|5001||,10.233.93.22
473,68120105114,2022-04-12T18:59:03.932Z,/detect/,200,100,99,76,14420,10.233.65.16,inbound|5001||,10.233.93.22
474,68122105114,2022-04-12T18:59:03.988Z,/detect/,200,93,90,76,18455,10.233.65.16,inbound|5001||,10.233.93.22
475,68130105114,2022-04-12T18:59:04.397Z,/detect/,200,181,143,76,19180,10.233.65.16,inbound|5001||,10.233.93.22
476,68141105114,2022-04-12T18:59:05.476Z,/detect/,200,86,85,75,12653,10.233.65.16,inbound|5001||,10.233.93.22
477,68143105114,2022-04-12T18:59:05.665Z,/detect/,200,77,76,75,17308,10.233.65.16,inbound|5001||,10.233.93.22
478,68144105114,2022-04-12T18:59:05.828Z,/detect/,200,153,151,60,24536,10.233.65.16,inbound|5001||,10.233.93.22
479,68147105114,2022-04-12T18:59:05.905Z,/detect/,200,152,150,75,16092,10.233.65.16,inbound|5001||,10.233.93.22
480,68154105114,2022-04-12T18:59:06.397Z,/detect/,200,89,88,75,18905,10.233.65.16,inbound|5001||,10.233.93.22
481,68166105114,2022-04-12T18:59:07.140Z,/detect/,200,145,131,102,26077,10.233.65.16,inbound|5001||,10.233.93.22
482,68169105114,2022-04-12T18:59:07.265Z,/detect/,200,104,102,75,14229,10.233.65.16,inbound|5001||,10.233.93.22
483,68176105114,2022-04-12T18:59:07.885Z,/detect/,200,75,74,92,14418,10.233.65.16,inbound|5001||,10.233.93.22
484,68180105114,2022-04-12T18:59:08.038Z,/detect/,200,186,143,75,28244,10.233.65.16,inbound|5001||,10.233.93.22
485,68181105114,2022-04-12T18:59:08.161Z,/detect/,200,168,167,76,15380,10.233.65.16,inbound|5001||,10.233.93.22
486,68191105114,2022-04-12T18:59:09.163Z,/detect/,200,149,148,76,18445,10.233.65.16,inbound|5001||,10.233.93.22
487,68194105114,2022-04-12T18:59:09.277Z,/detect/,200,161,160,73,15804,10.233.65.16,inbound|5001||,10.233.93.22
488,68196105114,2022-04-12T18:59:09.385Z,/detect/,200,91,90,74,16125,10.233.65.16,inbound|5001||,10.233.93.22
489,68198105114,2022-04-12T18:59:09.494Z,/detect/,200,87,86,75,19809,10.233.65.16,inbound|5001||,10.233.93.22
490,68202105114,2022-04-12T18:59:10.007Z,/detect/,200,106,103,73,14884,10.233.65.16,inbound|5001||,10.233.93.22
491,68208105114,2022-04-12T18:59:10.261Z,/detect/,200,144,143,77,14308,10.233.65.16,inbound|5001||,10.233.93.22
492,68215105114,2022-04-12T18:59:10.722Z,/detect/,200,121,120,89,17576,10.233.65.16,inbound|5001||,10.233.93.22
493,68218105114,2022-04-12T18:59:11.031Z,/detect/,200,161,160,76,19409,10.233.65.16,inbound|5001||,10.233.93.22
494,68221105114,2022-04-12T18:59:11.281Z,/detect/,200,105,104,75,26631,10.233.65.16,inbound|5001||,10.233.93.22
495,68235105114,2022-04-12T18:59:12.314Z,/detect/,200,59,59,76,19121,10.233.65.16,inbound|5001||,10.233.93.22
496,68240105114,2022-04-12T18:59:12.604Z,/detect/,200,99,98,90,19194,10.233.65.16,inbound|5001||,10.233.93.22
497,68243105114,2022-04-12T18:59:12.758Z,/detect/,200,67,66,76,18968,10.233.65.16,inbound|5001||,10.233.93.22
498,68248105114,2022-04-12T18:59:13.225Z,/detect/,200,54,53,74,16773,10.233.65.16,inbound|5001||,10.233.93.22
499,68251105114,2022-04-12T18:59:13.570Z,/detect/,200,103,102,74,18484,10.233.65.16,inbound|5001||,10.233.93.22
500,68255105114,2022-04-12T18:59:13.764Z,/detect/,200,50,49,74,17219,10.233.65.16,inbound|5001||,10.233.93.22
501,68260105114,2022-04-12T18:59:14.012Z,/detect/,200,122,121,75,29899,10.233.65.16,inbound|5001||,10.233.93.22
502,68265105114,2022-04-12T18:59:14.299Z,/detect/,200,142,95,74,33415,10.233.65.16,inbound|5001||,10.233.93.22
503,68272105114,2022-04-12T18:59:14.723Z,/detect/,200,92,91,75,14491,10.233.65.16,inbound|5001||,10.233.93.22
504,68275105114,2022-04-12T18:59:15.036Z,/detect/,200,76,76,60,16595,10.233.65.16,inbound|5001||,10.233.93.22
505,68276105114,2022-04-12T18:59:15.077Z,/detect/,200,98,98,93,18519,10.233.65.16,inbound|5001||,10.233.93.22
506,68280105114,2022-04-12T18:59:15.387Z,/detect/,200,116,115,60,22181,10.233.65.16,inbound|5001||,10.233.93.22
507,68283105114,2022-04-12T18:59:15.538Z,/detect/,200,131,130,77,18079,10.233.65.16,inbound|5001||,10.233.93.22
508,68292105114,2022-04-12T18:59:16.333Z,/detect/,200,45,44,75,13598,10.233.65.16,inbound|5001||,10.233.93.22
509,68300105114,2022-04-12T18:59:17.038Z,/detect/,200,104,103,75,13962,10.233.65.16,inbound|5001||,10.233.93.22
510,68306105114,2022-04-12T18:59:17.786Z,/detect/,200,106,104,125,24249,10.233.65.16,inbound|5001||,10.233.93.22
511,68332105114,2022-04-12T18:59:19.251Z,/detect/,200,76,76,75,16500,10.233.65.16,inbound|5001||,10.233.93.22
512,68340105114,2022-04-12T18:59:19.849Z,/detect/,200,132,131,74,24260,10.233.65.16,inbound|5001||,10.233.93.22
513,68349105114,2022-04-12T18:59:20.224Z,/detect/,200,165,163,76,27657,10.233.65.16,inbound|5001||,10.233.93.22
514,68354105114,2022-04-12T18:59:20.581Z,/detect/,200,173,123,88,17383,10.233.65.16,inbound|5001||,10.233.93.22
515,68356105114,2022-04-12T18:59:20.725Z,/detect/,200,129,127,75,11546,10.233.65.16,inbound|5001||,10.233.93.22
516,68374105114,2022-04-12T18:59:22.136Z,/detect/,200,87,86,76,18308,10.233.65.16,inbound|5001||,10.233.93.22
517,68376105114,2022-04-12T18:59:22.277Z,/detect/,200,175,174,75,24463,10.233.65.16,inbound|5001||,10.233.93.22
518,68378105114,2022-04-12T18:59:22.362Z,/detect/,200,139,138,75,20278,10.233.65.16,inbound|5001||,10.233.93.22
519,68380105114,2022-04-12T18:59:22.587Z,/detect/,200,125,124,75,15144,10.233.65.16,inbound|5001||,10.233.93.22
520,68386105114,2022-04-12T18:59:22.967Z,/detect/,200,157,156,75,16995,10.233.65.16,inbound|5001||,10.233.93.22
521,68385105114,2022-04-12T18:59:22.977Z,/detect/,200,154,150,76,21369,10.233.65.16,inbound|5001||,10.233.93.22
522,68388105114,2022-04-12T18:59:23.081Z,/detect/,200,137,136,74,17057,10.233.65.16,inbound|5001||,10.233.93.22
523,68395105114,2022-04-12T18:59:23.670Z,/detect/,200,85,84,76,10586,10.233.65.16,inbound|5001||,10.233.93.22
524,68401105114,2022-04-12T18:59:24.126Z,/detect/,200,115,105,74,28390,10.233.65.16,inbound|5001||,10.233.93.22
525,68406105114,2022-04-12T18:59:24.399Z,/detect/,200,169,120,95,21283,10.233.65.16,inbound|5001||,10.233.93.22
526,68413105114,2022-04-12T18:59:24.732Z,/detect/,200,181,132,76,19214,10.233.65.16,inbound|5001||,10.233.93.22
527,68415105114,2022-04-12T18:59:24.937Z,/detect/,200,222,221,94,27189,10.233.65.16,inbound|5001||,10.233.93.22
528,68416105114,2022-04-12T18:59:24.997Z,/detect/,200,174,170,76,27299,10.233.65.16,inbound|5001||,10.233.93.22
529,68422105114,2022-04-12T18:59:25.215Z,/detect/,200,102,102,108,14356,10.233.65.16,inbound|5001||,10.233.93.22
530,68424105114,2022-04-12T18:59:25.337Z,/detect/,200,57,56,75,15401,10.233.65.16,inbound|5001||,10.233.93.22
531,68425105114,2022-04-12T18:59:25.461Z,/detect/,200,88,87,74,17030,10.233.65.16,inbound|5001||,10.233.93.22
532,68431105114,2022-04-12T18:59:25.941Z,/detect/,200,127,126,76,16426,10.233.65.16,inbound|5001||,10.233.93.22
533,68442105114,2022-04-12T18:59:26.603Z,/detect/,200,233,232,93,21148,10.233.65.16,inbound|5001||,10.233.93.22
534,68445105114,2022-04-12T18:59:26.681Z,/detect/,200,177,176,76,15920,10.233.65.16,inbound|5001||,10.233.93.22
535,68450105114,2022-04-12T18:59:27.028Z,/detect/,200,70,69,77,17309,10.233.65.16,inbound|5001||,10.233.93.22
536,68454105114,2022-04-12T18:59:27.254Z,/detect/,200,106,105,75,17064,10.233.65.16,inbound|5001||,10.233.93.22
537,68455105114,2022-04-12T18:59:27.305Z,/detect/,200,127,126,77,18038,10.233.65.16,inbound|5001||,10.233.93.22
538,68467105114,2022-04-12T18:59:28.323Z,/detect/,200,85,84,60,15975,10.233.65.16,inbound|5001||,10.233.93.22
539,68468105114,2022-04-12T18:59:28.511Z,/detect/,200,199,185,73,19196,10.233.65.16,inbound|5001||,10.233.93.22
540,68469105114,2022-04-12T18:59:28.521Z,/detect/,200,264,263,75,17773,10.233.65.16,inbound|5001||,10.233.93.22
541,68471105114,2022-04-12T18:59:28.594Z,/detect/,200,221,220,76,21421,10.233.65.16,inbound|5001||,10.233.93.22
542,68470105114,2022-04-12T18:59:28.610Z,/detect/,200,179,178,75,13992,10.233.65.16,inbound|5001||,10.233.93.22
543,68477105114,2022-04-12T18:59:28.822Z,/detect/,200,91,90,74,12214,10.233.65.16,inbound|5001||,10.233.93.22
544,68474105114,2022-04-12T18:59:28.840Z,/detect/,200,103,103,60,17683,10.233.65.16,inbound|5001||,10.233.93.22
545,68482105114,2022-04-12T18:59:29.357Z,/detect/,200,83,83,73,23689,10.233.65.16,inbound|5001||,10.233.93.22
546,68484105114,2022-04-12T18:59:29.429Z,/detect/,200,103,102,60,15822,10.233.65.16,inbound|5001||,10.233.93.22
547,68485105114,2022-04-12T18:59:29.506Z,/detect/,200,61,60,92,16304,10.233.65.16,inbound|5001||,10.233.93.22
548,68488105114,2022-04-12T18:59:29.660Z,/detect/,200,109,108,76,23604,10.233.65.16,inbound|5001||,10.233.93.22
549,68489105114,2022-04-12T18:59:29.689Z,/detect/,200,122,78,74,23360,10.233.65.16,inbound|5001||,10.233.93.22
550,68509105114,2022-04-12T18:59:31.208Z,/detect/,200,145,144,76,23259,10.233.65.16,inbound|5001||,10.233.93.22
551,68514105114,2022-04-12T18:59:31.414Z,/detect/,200,131,63,74,29469,10.233.65.16,inbound|5001||,10.233.93.22
552,68520105114,2022-04-12T18:59:32.291Z,/detect/,200,83,82,75,11989,10.233.65.16,inbound|5001||,10.233.93.22
553,68522105114,2022-04-12T18:59:32.353Z,/detect/,200,153,152,89,22463,10.233.65.16,inbound|5001||,10.233.93.22
554,68542105114,2022-04-12T18:59:33.983Z,/detect/,200,117,116,89,35963,10.233.65.16,inbound|5001||,10.233.93.22
555,68543105114,2022-04-12T18:59:34.013Z,/detect/,200,152,152,89,21311,10.233.65.16,inbound|5001||,10.233.93.22
556,68545105114,2022-04-12T18:59:34.045Z,/detect/,200,173,167,90,19882,10.233.65.16,inbound|5001||,10.233.93.22
557,68544105114,2022-04-12T18:59:34.045Z,/detect/,200,156,155,76,13733,10.233.65.16,inbound|5001||,10.233.93.22
558,68566105114,2022-04-12T18:59:35.350Z,/detect/,200,117,116,92,18604,10.233.65.16,inbound|5001||,10.233.93.22
559,68570105114,2022-04-12T18:59:35.656Z,/detect/,200,136,135,76,22701,10.233.65.16,inbound|5001||,10.233.93.22
560,68579105114,2022-04-12T18:59:36.588Z,/detect/,200,62,61,74,15748,10.233.65.16,inbound|5001||,10.233.93.22
561,68588105114,2022-04-12T18:59:37.062Z,/detect/,200,115,114,74,18971,10.233.65.16,inbound|5001||,10.233.93.22
562,68598105114,2022-04-12T18:59:37.692Z,/detect/,200,67,64,60,16548,10.233.65.16,inbound|5001||,10.233.93.22
563,68599105114,2022-04-12T18:59:37.748Z,/detect/,200,122,121,75,23535,10.233.65.16,inbound|5001||,10.233.93.22
564,68601105114,2022-04-12T18:59:37.912Z,/detect/,200,86,85,77,11570,10.233.65.16,inbound|5001||,10.233.93.22
565,68614105114,2022-04-12T18:59:38.777Z,/detect/,200,97,96,75,13445,10.233.65.16,inbound|5001||,10.233.93.22
566,68619105114,2022-04-12T18:59:39.292Z,/detect/,200,76,75,75,14323,10.233.65.16,inbound|5001||,10.233.93.22
567,68624105114,2022-04-12T18:59:39.928Z,/detect/,200,122,121,74,16819,10.233.65.16,inbound|5001||,10.233.93.22
568,68628105114,2022-04-12T18:59:40.471Z,/detect/,200,99,98,76,17671,10.233.65.16,inbound|5001||,10.233.93.22
569,68629105114,2022-04-12T18:59:40.586Z,/detect/,200,126,124,104,22390,10.233.65.16,inbound|5001||,10.233.93.22
570,68631105114,2022-04-12T18:59:40.783Z,/detect/,200,116,107,89,23977,10.233.65.16,inbound|5001||,10.233.93.22
571,68633105114,2022-04-12T18:59:41.051Z,/detect/,200,135,134,104,14600,10.233.65.16,inbound|5001||,10.233.93.22
572,68639105114,2022-04-12T18:59:41.437Z,/detect/,200,120,119,76,16184,10.233.65.16,inbound|5001||,10.233.93.22
573,68642105114,2022-04-12T18:59:41.658Z,/detect/,200,98,97,75,25646,10.233.65.16,inbound|5001||,10.233.93.22
574,68646105114,2022-04-12T18:59:41.853Z,/detect/,200,99,54,87,17237,10.233.65.16,inbound|5001||,10.233.93.22
575,68650105114,2022-04-12T18:59:42.401Z,/detect/,200,82,82,60,24295,10.233.65.16,inbound|5001||,10.233.93.22
576,68655105114,2022-04-12T18:59:42.703Z,/detect/,200,71,70,75,17987,10.233.65.16,inbound|5001||,10.233.93.22
577,68657105114,2022-04-12T18:59:42.783Z,/detect/,200,73,72,75,14374,10.233.65.16,inbound|5001||,10.233.93.22
578,68659105114,2022-04-12T18:59:43.015Z,/detect/,200,99,97,74,19643,10.233.65.16,inbound|5001||,10.233.93.22
579,68664105114,2022-04-12T18:59:43.360Z,/detect/,200,108,107,75,17202,10.233.65.16,inbound|5001||,10.233.93.22
580,68671105114,2022-04-12T18:59:43.874Z,/detect/,200,107,106,60,15802,10.233.65.16,inbound|5001||,10.233.93.22
581,68674105114,2022-04-12T18:59:44.023Z,/detect/,200,129,128,76,11854,10.233.65.16,inbound|5001||,10.233.93.22
582,68679105114,2022-04-12T18:59:44.438Z,/detect/,200,138,137,75,16751,10.233.65.16,inbound|5001||,10.233.93.22
583,68683105114,2022-04-12T18:59:44.653Z,/detect/,200,108,107,74,20942,10.233.65.16,inbound|5001||,10.233.93.22
584,68684105114,2022-04-12T18:59:44.774Z,/detect/,200,141,119,77,23326,10.233.65.16,inbound|5001||,10.233.93.22
585,68687105114,2022-04-12T18:59:45.097Z,/detect/,200,124,123,75,15031,10.233.65.16,inbound|5001||,10.233.93.22
586,68689105114,2022-04-12T18:59:45.285Z,/detect/,200,52,51,76,17362,10.233.65.16,inbound|5001||,10.233.93.22
587,68695105114,2022-04-12T18:59:45.832Z,/detect/,200,218,216,106,27188,10.233.65.16,inbound|5001||,10.233.93.22
588,68698105114,2022-04-12T18:59:46.406Z,/detect/,200,172,171,76,17353,10.233.65.16,inbound|5001||,10.233.93.22
589,68705105114,2022-04-12T18:59:46.708Z,/detect/,200,168,167,74,24191,10.233.65.16,inbound|5001||,10.233.93.22
590,68706105114,2022-04-12T18:59:46.749Z,/detect/,200,136,134,76,15910,10.233.65.16,inbound|5001||,10.233.93.22
591,68710105114,2022-04-12T18:59:46.910Z,/detect/,200,97,96,76,13536,10.233.65.16,inbound|5001||,10.233.93.22
592,68711105114,2022-04-12T18:59:46.969Z,/detect/,200,84,83,76,13960,10.233.65.16,inbound|5001||,10.233.93.22
593,68720105114,2022-04-12T18:59:47.554Z,/detect/,200,91,86,73,22507,10.233.65.16,inbound|5001||,10.233.93.22
594,68725105114,2022-04-12T18:59:47.779Z,/detect/,200,55,54,76,14966,10.233.65.16,inbound|5001||,10.233.93.22
595,68724105114,2022-04-12T18:59:47.816Z,/detect/,200,105,104,60,19363,10.233.65.16,inbound|5001||,10.233.93.22
596,68726105114,2022-04-12T18:59:47.834Z,/detect/,200,113,113,75,15028,10.233.65.16,inbound|5001||,10.233.93.22
597,68728105114,2022-04-12T18:59:47.914Z,/detect/,200,56,55,75,10808,10.233.65.16,inbound|5001||,10.233.93.22
598,68732105114,2022-04-12T18:59:48.261Z,/detect/,200,90,86,105,22416,10.233.65.16,inbound|5001||,10.233.93.22
599,68734105114,2022-04-12T18:59:48.447Z,/detect/,200,64,64,75,21662,10.233.65.16,inbound|5001||,10.233.93.22
600,68737105114,2022-04-12T18:59:48.601Z,/detect/,200,77,76,75,15093,10.233.65.16,inbound|5001||,10.233.93.22
601,68742105114,2022-04-12T18:59:48.930Z,/detect/,200,198,197,88,15553,10.233.65.16,inbound|5001||,10.233.93.22
602,68743105114,2022-04-12T18:59:48.939Z,/detect/,200,192,142,75,20725,10.233.65.16,inbound|5001||,10.233.93.22
603,68745105114,2022-04-12T18:59:49.201Z,/detect/,200,141,135,105,23959,10.233.65.16,inbound|5001||,10.233.93.22
604,68752105114,2022-04-12T18:59:49.803Z,/detect/,200,56,55,76,14451,10.233.65.16,inbound|5001||,10.233.93.22
605,68757105114,2022-04-12T18:59:50.004Z,/detect/,200,73,72,75,16638,10.233.65.16,inbound|5001||,10.233.93.22
606,68759105114,2022-04-12T18:59:50.119Z,/detect/,200,91,89,60,17490,10.233.65.16,inbound|5001||,10.233.93.22
607,68760105114,2022-04-12T18:59:50.217Z,/detect/,200,91,90,75,15479,10.233.65.16,inbound|5001||,10.233.93.22
608,68764105114,2022-04-12T18:59:50.411Z,/detect/,200,148,147,75,19107,10.233.65.16,inbound|5001||,10.233.93.22
609,68774105114,2022-04-12T18:59:51.062Z,/detect/,200,153,152,75,14449,10.233.65.16,inbound|5001||,10.233.93.22
610,68784105114,2022-04-12T18:59:51.494Z,/detect/,200,106,105,76,12885,10.233.65.16,inbound|5001||,10.233.93.22
611,68786105114,2022-04-12T18:59:51.756Z,/detect/,200,133,132,73,22606,10.233.65.16,inbound|5001||,10.233.93.22
612,68787105114,2022-04-12T18:59:51.789Z,/detect/,200,99,98,75,18114,10.233.65.16,inbound|5001||,10.233.93.22
613,68801105114,2022-04-12T18:59:52.603Z,/detect/,200,113,111,75,17973,10.233.65.16,inbound|5001||,10.233.93.22
614,68805105114,2022-04-12T18:59:52.721Z,/detect/,200,83,83,76,11224,10.233.65.16,inbound|5001||,10.233.93.22
615,68808105114,2022-04-12T18:59:53.146Z,/detect/,200,58,56,75,19901,10.233.65.16,inbound|5001||,10.233.93.22
616,68810105114,2022-04-12T18:59:53.471Z,/detect/,200,193,192,74,28792,10.233.65.16,inbound|5001||,10.233.93.22
617,68812105114,2022-04-12T18:59:53.512Z,/detect/,200,137,135,74,14899,10.233.65.16,inbound|5001||,10.233.93.22
618,68815105114,2022-04-12T18:59:53.702Z,/detect/,200,135,134,75,15566,10.233.65.16,inbound|5001||,10.233.93.22
619,68817105114,2022-04-12T18:59:53.801Z,/detect/,200,78,77,76,16218,10.233.65.16,inbound|5001||,10.233.93.22
620,68823105114,2022-04-12T18:59:54.224Z,/detect/,200,132,128,73,17552,10.233.65.16,inbound|5001||,10.233.93.22
621,68825105114,2022-04-12T18:59:54.297Z,/detect/,200,168,167,75,17675,10.233.65.16,inbound|5001||,10.233.93.22
622,68833105114,2022-04-12T18:59:54.805Z,/detect/,200,113,112,75,15384,10.233.65.16,inbound|5001||,10.233.93.22
623,68835105114,2022-04-12T18:59:54.861Z,/detect/,200,106,105,74,18088,10.233.65.16,inbound|5001||,10.233.93.22
624,68840105114,2022-04-12T18:59:55.283Z,/detect/,200,142,93,76,21796,10.233.65.16,inbound|5001||,10.233.93.22
625,68842105114,2022-04-12T18:59:55.441Z,/detect/,200,96,95,75,18659,10.233.65.16,inbound|5001||,10.233.93.22
626,68855105114,2022-04-12T18:59:56.630Z,/detect/,200,162,160,75,13627,10.233.65.16,inbound|5001||,10.233.93.22
627,68864105114,2022-04-12T18:59:57.035Z,/detect/,200,84,61,75,18285,10.233.65.16,inbound|5001||,10.233.93.22
628,68869105114,2022-04-12T18:59:57.307Z,/detect/,200,83,82,92,14735,10.233.65.16,inbound|5001||,10.233.93.22
629,68873105114,2022-04-12T18:59:57.964Z,/detect/,200,135,134,74,13823,10.233.65.16,inbound|5001||,10.233.93.22
630,68874105114,2022-04-12T18:59:57.985Z,/detect/,200,180,178,60,29303,10.233.65.16,inbound|5001||,10.233.93.22
631,68877105114,2022-04-12T18:59:58.520Z,/detect/,200,99,90,88,24554,10.233.65.16,inbound|5001||,10.233.93.22
632,68882105114,2022-04-12T18:59:58.734Z,/detect/,200,114,113,75,14211,10.233.65.16,inbound|5001||,10.233.93.22
633,68885105114,2022-04-12T18:59:58.785Z,/detect/,200,139,138,75,14204,10.233.65.16,inbound|5001||,10.233.93.22
634,68889105114,2022-04-12T18:59:59.481Z,/detect/,200,156,122,75,22988,10.233.65.16,inbound|5001||,10.233.93.22
635,68895105114,2022-04-12T18:59:59.904Z,/detect/,200,151,92,60,36537,10.233.65.16,inbound|5001||,10.233.93.22
636,68896105114,2022-04-12T19:00:00.013Z,/detect/,200,132,104,74,32507,10.233.65.16,inbound|5001||,10.233.93.22
637,68900105114,2022-04-12T19:00:00.339Z,/detect/,200,129,128,75,17698,10.233.65.16,inbound|5001||,10.233.93.22
638,68904105114,2022-04-12T19:00:00.521Z,/detect/,200,68,59,76,17524,10.233.65.16,inbound|5001||,10.233.93.22
639,68915105114,2022-04-12T19:00:01.436Z,/detect/,200,209,152,76,13076,10.233.65.16,inbound|5001||,10.233.93.22
640,68916105114,2022-04-12T19:00:01.492Z,/detect/,200,218,217,60,14573,10.233.65.16,inbound|5001||,10.233.93.22
641,68919105114,2022-04-12T19:00:01.765Z,/detect/,200,64,63,76,18640,10.233.65.16,inbound|5001||,10.233.93.22
642,68923105114,2022-04-12T19:00:02.046Z,/detect/,200,234,232,91,25030,10.233.65.16,inbound|5001||,10.233.93.22
643,68925105114,2022-04-12T19:00:02.173Z,/detect/,200,136,83,76,23691,10.233.65.16,inbound|5001||,10.233.93.22
644,68942105114,2022-04-12T19:00:03.191Z,/detect/,200,44,43,75,14163,10.233.65.16,inbound|5001||,10.233.93.22
645,68949105114,2022-04-12T19:00:04.259Z,/detect/,200,93,90,75,25059,10.233.65.16,inbound|5001||,10.233.93.22
646,68951105114,2022-04-12T19:00:04.634Z,/detect/,200,101,100,103,15661,10.233.65.16,inbound|5001||,10.233.93.22
647,68959105114,2022-04-12T19:00:05.538Z,/detect/,200,66,65,74,21204,10.233.65.16,inbound|5001||,10.233.93.22
648,68966105114,2022-04-12T19:00:06.373Z,/detect/,200,98,92,88,20659,10.233.65.16,inbound|5001||,10.233.93.22
649,68969105114,2022-04-12T19:00:06.603Z,/detect/,200,90,89,75,17460,10.233.65.16,inbound|5001||,10.233.93.22
650,68975105114,2022-04-12T19:00:06.973Z,/detect/,200,93,92,60,16531,10.233.65.16,inbound|5001||,10.233.93.22
651,68981105114,2022-04-12T19:00:07.250Z,/detect/,200,136,135,90,17263,10.233.65.16,inbound|5001||,10.233.93.22
652,68983105114,2022-04-12T19:00:07.333Z,/detect/,200,72,71,75,26073,10.233.65.16,inbound|5001||,10.233.93.22
653,68986105114,2022-04-12T19:00:07.406Z,/detect/,200,97,96,75,20530,10.233.65.16,inbound|5001||,10.233.93.22
654,68988105114,2022-04-12T19:00:07.581Z,/detect/,200,120,119,91,17264,10.233.65.16,inbound|5001||,10.233.93.22
655,68990105114,2022-04-12T19:00:07.773Z,/detect/,200,71,70,76,20843,10.233.65.16,inbound|5001||,10.233.93.22
656,69003105114,2022-04-12T19:00:08.488Z,/detect/,200,106,104,75,12275,10.233.65.16,inbound|5001||,10.233.93.22
657,69018105114,2022-04-12T19:00:10.096Z,/detect/,200,119,118,74,30258,10.233.65.16,inbound|5001||,10.233.93.22
658,69032105114,2022-04-12T19:00:11.178Z,/detect/,200,70,69,76,17198,10.233.65.16,inbound|5001||,10.233.93.22
659,69033105114,2022-04-12T19:00:11.288Z,/detect/,200,50,49,74,18395,10.233.65.16,inbound|5001||,10.233.93.22
660,69034105114,2022-04-12T19:00:11.389Z,/detect/,200,98,95,74,18283,10.233.65.16,inbound|5001||,10.233.93.22
661,69037105114,2022-04-12T19:00:11.413Z,/detect/,200,139,98,75,30777,10.233.65.16,inbound|5001||,10.233.93.22
662,69042105114,2022-04-12T19:00:11.825Z,/detect/,200,159,158,77,16235,10.233.65.16,inbound|5001||,10.233.93.22
663,69043105114,2022-04-12T19:00:11.872Z,/detect/,200,134,133,76,18206,10.233.65.16,inbound|5001||,10.233.93.22
664,69046105114,2022-04-12T19:00:12.004Z,/detect/,200,67,67,92,19234,10.233.65.16,inbound|5001||,10.233.93.22
665,69072105114,2022-04-12T19:00:13.688Z,/detect/,200,108,107,75,19319,10.233.65.16,inbound|5001||,10.233.93.22
666,69080105114,2022-04-12T19:00:13.993Z,/detect/,200,64,63,76,24255,10.233.65.16,inbound|5001||,10.233.93.22
667,69081105114,2022-04-12T19:00:14.045Z,/detect/,200,118,71,74,21239,10.233.65.16,inbound|5001||,10.233.93.22
668,69084105114,2022-04-12T19:00:14.196Z,/detect/,200,91,90,76,16505,10.233.65.16,inbound|5001||,10.233.93.22
669,69087105114,2022-04-12T19:00:14.284Z,/detect/,200,92,90,76,21389,10.233.65.16,inbound|5001||,10.233.93.22
670,69090105114,2022-04-12T19:00:14.995Z,/detect/,200,191,184,75,25734,10.233.65.16,inbound|5001||,10.233.93.22
671,69093105114,2022-04-12T19:00:15.057Z,/detect/,200,156,151,75,19389,10.233.65.16,inbound|5001||,10.233.93.22
672,69100105114,2022-04-12T19:00:15.743Z,/detect/,200,141,139,88,28165,10.233.65.16,inbound|5001||,10.233.93.22
673,69115105114,2022-04-12T19:00:16.510Z,/detect/,200,390,389,76,25291,10.233.65.16,inbound|5001||,10.233.93.22
674,69116105114,2022-04-12T19:00:16.529Z,/detect/,200,335,334,88,24008,10.233.65.16,inbound|5001||,10.233.93.22
675,69117105114,2022-04-12T19:00:16.533Z,/detect/,200,419,418,75,26348,10.233.65.16,inbound|5001||,10.233.93.22
676,69118105114,2022-04-12T19:00:16.573Z,/detect/,200,328,308,92,20771,10.233.65.16,inbound|5001||,10.233.93.22
677,69119105114,2022-04-12T19:00:16.653Z,/detect/,200,236,234,74,14596,10.233.65.16,inbound|5001||,10.233.93.22
678,69124105114,2022-04-12T19:00:16.781Z,/detect/,200,175,174,104,19122,10.233.65.16,inbound|5001||,10.233.93.22
679,69131105114,2022-04-12T19:00:17.282Z,/detect/,200,214,213,208,27422,10.233.65.16,inbound|5001||,10.233.93.22
680,69135105114,2022-04-12T19:00:17.461Z,/detect/,200,62,61,76,12048,10.233.65.16,inbound|5001||,10.233.93.22
681,69137105114,2022-04-12T19:00:17.604Z,/detect/,200,145,144,76,18672,10.233.65.16,inbound|5001||,10.233.93.22
682,69141105114,2022-04-12T19:00:17.837Z,/detect/,200,166,161,75,35003,10.233.65.16,inbound|5001||,10.233.93.22
683,69144105114,2022-04-12T19:00:18.084Z,/detect/,200,98,96,76,23568,10.233.65.16,inbound|5001||,10.233.93.22
684,69147105114,2022-04-12T19:00:18.200Z,/detect/,200,84,75,88,19527,10.233.65.16,inbound|5001||,10.233.93.22
685,69149105114,2022-04-12T19:00:18.259Z,/detect/,200,133,93,73,26050,10.233.65.16,inbound|5001||,10.233.93.22
686,69152105114,2022-04-12T19:00:18.609Z,/detect/,200,140,139,75,19308,10.233.65.16,inbound|5001||,10.233.93.22
687,69163105114,2022-04-12T19:00:19.993Z,/detect/,200,206,205,90,18727,10.233.65.16,inbound|5001||,10.233.93.22
688,69162105114,2022-04-12T19:00:20.000Z,/detect/,200,237,236,75,17609,10.233.65.16,inbound|5001||,10.233.93.22
689,69180105114,2022-04-12T19:00:21.250Z,/detect/,200,136,135,60,19191,10.233.65.16,inbound|5001||,10.233.93.22
690,69182105114,2022-04-12T19:00:21.313Z,/detect/,200,93,92,76,10846,10.233.65.16,inbound|5001||,10.233.93.22
691,69195105114,2022-04-12T19:00:22.168Z,/detect/,200,114,113,88,24342,10.233.65.16,inbound|5001||,10.233.93.22
692,69199105114,2022-04-12T19:00:22.282Z,/detect/,200,72,71,76,18444,10.233.65.16,inbound|5001||,10.233.93.22
693,69203105114,2022-04-12T19:00:22.601Z,/detect/,200,94,93,75,15044,10.233.65.16,inbound|5001||,10.233.93.22
694,69209105114,2022-04-12T19:00:23.089Z,/detect/,200,150,146,75,24870,10.233.65.16,inbound|5001||,10.233.93.22
695,69210105114,2022-04-12T19:00:23.129Z,/detect/,200,126,106,74,19405,10.233.65.16,inbound|5001||,10.233.93.22
696,69217105114,2022-04-12T19:00:23.470Z,/detect/,200,155,154,88,22491,10.233.65.16,inbound|5001||,10.233.93.22
697,69219105114,2022-04-12T19:00:23.753Z,/detect/,200,103,102,88,17475,10.233.65.16,inbound|5001||,10.233.93.22
698,69228105114,2022-04-12T19:00:24.305Z,/detect/,200,93,92,91,17167,10.233.65.16,inbound|5001||,10.233.93.22
699,69233105114,2022-04-12T19:00:24.650Z,/detect/,200,111,109,74,19623,10.233.65.16,inbound|5001||,10.233.93.22
700,69235105114,2022-04-12T19:00:24.689Z,/detect/,200,113,113,73,14071,10.233.65.16,inbound|5001||,10.233.93.22
701,69254105114,2022-04-12T19:00:25.645Z,/detect/,200,209,162,74,43806,10.233.65.16,inbound|5001||,10.233.93.22
702,69259105114,2022-04-12T19:00:26.236Z,/detect/,200,68,67,75,11959,10.233.65.16,inbound|5001||,10.233.93.22
703,69261105114,2022-04-12T19:00:26.413Z,/detect/,200,162,115,89,26742,10.233.65.16,inbound|5001||,10.233.93.22
704,69266105114,2022-04-12T19:00:26.645Z,/detect/,200,123,122,75,13850,10.233.65.16,inbound|5001||,10.233.93.22
705,69265105114,2022-04-12T19:00:26.677Z,/detect/,200,118,102,75,20308,10.233.65.16,inbound|5001||,10.233.93.22
706,69275105114,2022-04-12T19:00:27.467Z,/detect/,200,70,64,76,20725,10.233.65.16,inbound|5001||,10.233.93.22
707,69278105114,2022-04-12T19:00:27.623Z,/detect/,200,99,98,74,14521,10.233.65.16,inbound|5001||,10.233.93.22
708,69283105114,2022-04-12T19:00:27.787Z,/detect/,200,169,152,88,19799,10.233.65.16,inbound|5001||,10.233.93.22
709,69282105114,2022-04-12T19:00:27.806Z,/detect/,200,173,172,75,14387,10.233.65.16,inbound|5001||,10.233.93.22
710,69286105114,2022-04-12T19:00:28.174Z,/detect/,200,142,141,91,15301,10.233.65.16,inbound|5001||,10.233.93.22
711,69288105114,2022-04-12T19:00:28.216Z,/detect/,200,153,139,92,25575,10.233.65.16,inbound|5001||,10.233.93.22
712,69292105114,2022-04-12T19:00:28.422Z,/detect/,200,132,86,60,42410,10.233.65.16,inbound|5001||,10.233.93.22
713,69298105114,2022-04-12T19:00:29.169Z,/detect/,200,61,60,60,23804,10.233.65.16,inbound|5001||,10.233.93.22
714,69306105114,2022-04-12T19:00:29.717Z,/detect/,200,161,160,74,15142,10.233.65.16,inbound|5001||,10.233.93.22
715,69305105114,2022-04-12T19:00:29.721Z,/detect/,200,182,182,76,23207,10.233.65.16,inbound|5001||,10.233.93.22
716,69309105114,2022-04-12T19:00:29.950Z,/detect/,200,91,90,89,18159,10.233.65.16,inbound|5001||,10.233.93.22
717,69308105114,2022-04-12T19:00:29.989Z,/detect/,200,100,99,74,21874,10.233.65.16,inbound|5001||,10.233.93.22
718,69311105114,2022-04-12T19:00:30.242Z,/detect/,200,127,126,60,19149,10.233.65.16,inbound|5001||,10.233.93.22
719,69313105114,2022-04-12T19:00:30.450Z,/detect/,200,114,113,76,19336,10.233.65.16,inbound|5001||,10.233.93.22
720,69321105114,2022-04-12T19:00:31.215Z,/detect/,200,150,149,88,16471,10.233.65.16,inbound|5001||,10.233.93.22
721,69326105114,2022-04-12T19:00:31.558Z,/detect/,200,199,192,88,18983,10.233.65.16,inbound|5001||,10.233.93.22
722,69325105114,2022-04-12T19:00:31.559Z,/detect/,200,173,147,75,30841,10.233.65.16,inbound|5001||,10.233.93.22
723,69333105114,2022-04-12T19:00:32.014Z,/detect/,200,131,130,89,11528,10.233.65.16,inbound|5001||,10.233.93.22
724,69336105114,2022-04-12T19:00:32.472Z,/detect/,200,115,114,75,16635,10.233.65.16,inbound|5001||,10.233.93.22
725,69344105114,2022-04-12T19:00:32.874Z,/detect/,200,105,104,74,19237,10.233.65.16,inbound|5001||,10.233.93.22
726,69348105114,2022-04-12T19:00:33.012Z,/detect/,200,159,158,75,37375,10.233.65.16,inbound|5001||,10.233.93.22
727,69353105114,2022-04-12T19:00:33.322Z,/detect/,200,90,87,74,21943,10.233.65.16,inbound|5001||,10.233.93.22
728,69356105114,2022-04-12T19:00:33.638Z,/detect/,200,166,164,76,23073,10.233.65.16,inbound|5001||,10.233.93.22
729,69358105114,2022-04-12T19:00:33.876Z,/detect/,200,95,94,60,27538,10.233.65.16,inbound|5001||,10.233.93.22
730,69367105114,2022-04-12T19:00:34.296Z,/detect/,200,100,57,76,22740,10.233.65.16,inbound|5001||,10.233.93.22
731,69369105114,2022-04-12T19:00:34.472Z,/detect/,200,125,124,74,15045,10.233.65.16,inbound|5001||,10.233.93.22
732,69372105114,2022-04-12T19:00:34.513Z,/detect/,200,137,137,75,31435,10.233.65.16,inbound|5001||,10.233.93.22
733,69373105114,2022-04-12T19:00:34.689Z,/detect/,200,150,149,76,19522,10.233.65.16,inbound|5001||,10.233.93.22
734,69374105114,2022-04-12T19:00:34.706Z,/detect/,200,134,128,74,21939,10.233.65.16,inbound|5001||,10.233.93.22
735,69380105114,2022-04-12T19:00:35.044Z,/detect/,200,157,110,75,17976,10.233.65.16,inbound|5001||,10.233.93.22
736,69387105114,2022-04-12T19:00:35.709Z,/detect/,200,140,139,76,22148,10.233.65.16,inbound|5001||,10.233.93.22
737,69389105114,2022-04-12T19:00:35.763Z,/detect/,200,101,100,75,15325,10.233.65.16,inbound|5001||,10.233.93.22
738,69392105114,2022-04-12T19:00:36.166Z,/detect/,200,147,145,75,18425,10.233.65.16,inbound|5001||,10.233.93.22
739,69393105114,2022-04-12T19:00:36.176Z,/detect/,200,255,243,88,22861,10.233.65.16,inbound|5001||,10.233.93.22
740,69395105114,2022-04-12T19:00:36.249Z,/detect/,200,164,164,76,18531,10.233.65.16,inbound|5001||,10.233.93.22
741,69398105114,2022-04-12T19:00:36.317Z,/detect/,200,182,182,75,13623,10.233.65.16,inbound|5001||,10.233.93.22
742,69400105114,2022-04-12T19:00:36.373Z,/detect/,200,101,101,104,22080,10.233.65.16,inbound|5001||,10.233.93.22
743,69405105114,2022-04-12T19:00:36.647Z,/detect/,200,99,99,73,16839,10.233.65.16,inbound|5001||,10.233.93.22
744,69406105114,2022-04-12T19:00:36.675Z,/detect/,200,81,80,91,14357,10.233.65.16,inbound|5001||,10.233.93.22
745,69414105114,2022-04-12T19:00:36.864Z,/detect/,200,94,81,76,17606,10.233.65.16,inbound|5001||,10.233.93.22
746,69416105114,2022-04-12T19:00:36.928Z,/detect/,200,76,75,76,24441,10.233.65.16,inbound|5001||,10.233.93.22
747,69420105114,2022-04-12T19:00:37.088Z,/detect/,200,97,96,74,21315,10.233.65.16,inbound|5001||,10.233.93.22
748,69427105114,2022-04-12T19:00:37.630Z,/detect/,200,123,119,74,17822,10.233.65.16,inbound|5001||,10.233.93.22
749,69431105114,2022-04-12T19:00:37.659Z,/detect/,200,116,111,90,21065,10.233.65.16,inbound|5001||,10.233.93.22
750,69432105114,2022-04-12T19:00:37.741Z,/detect/,200,78,77,75,22420,10.233.65.16,inbound|5001||,10.233.93.22
751,69436105114,2022-04-12T19:00:38.052Z,/detect/,200,93,92,76,19807,10.233.65.16,inbound|5001||,10.233.93.22
752,69454105114,2022-04-12T19:00:39.214Z,/detect/,200,78,77,76,10846,10.233.65.16,inbound|5001||,10.233.93.22
753,69459105114,2022-04-12T19:00:39.645Z,/detect/,200,151,150,74,24141,10.233.65.16,inbound|5001||,10.233.93.22
754,69460105114,2022-04-12T19:00:39.665Z,/detect/,200,129,128,76,17635,10.233.65.16,inbound|5001||,10.233.93.22
755,69462105114,2022-04-12T19:00:39.943Z,/detect/,200,132,131,60,19898,10.233.65.16,inbound|5001||,10.233.93.22
756,69465105114,2022-04-12T19:00:40.186Z,/detect/,200,153,152,75,18517,10.233.65.16,inbound|5001||,10.233.93.22
757,69467105114,2022-04-12T19:00:40.286Z,/detect/,200,113,112,74,19363,10.233.65.16,inbound|5001||,10.233.93.22
758,69470105114,2022-04-12T19:00:40.447Z,/detect/,200,114,113,76,12446,10.233.65.16,inbound|5001||,10.233.93.22
759,69471105114,2022-04-12T19:00:40.502Z,/detect/,200,116,114,91,16274,10.233.65.16,inbound|5001||,10.233.93.22
760,69473105114,2022-04-12T19:00:40.654Z,/detect/,200,100,99,75,15287,10.233.65.16,inbound|5001||,10.233.93.22
761,69476105114,2022-04-12T19:00:40.713Z,/detect/,200,80,79,75,17493,10.233.65.16,inbound|5001||,10.233.93.22
762,69479105114,2022-04-12T19:00:41.041Z,/detect/,200,146,125,76,20627,10.233.65.16,inbound|5001||,10.233.93.22
763,69483105114,2022-04-12T19:00:41.337Z,/detect/,200,114,113,60,22616,10.233.65.16,inbound|5001||,10.233.93.22
764,69484105114,2022-04-12T19:00:41.344Z,/detect/,200,120,120,60,21463,10.233.65.16,inbound|5001||,10.233.93.22
765,69489105114,2022-04-12T19:00:41.731Z,/detect/,200,114,63,60,29909,10.233.65.16,inbound|5001||,10.233.93.22
766,69493105114,2022-04-12T19:00:41.975Z,/detect/,200,128,126,76,23954,10.233.65.16,inbound|5001||,10.233.93.22
767,69495105114,2022-04-12T19:00:42.025Z,/detect/,200,79,79,76,13440,10.233.65.16,inbound|5001||,10.233.93.22
768,69499105114,2022-04-12T19:00:42.161Z,/detect/,200,153,101,104,22740,10.233.65.16,inbound|5001||,10.233.93.22
769,69507105114,2022-04-12T19:00:42.577Z,/detect/,200,200,151,76,20677,10.233.65.16,inbound|5001||,10.233.93.22
770,69508105114,2022-04-12T19:00:42.642Z,/detect/,200,89,88,75,13462,10.233.65.16,inbound|5001||,10.233.93.22
771,69510105114,2022-04-12T19:00:42.705Z,/detect/,200,105,104,76,15265,10.233.65.16,inbound|5001||,10.233.93.22
772,69514105114,2022-04-12T19:00:42.851Z,/detect/,200,102,101,89,15736,10.233.65.16,inbound|5001||,10.233.93.22
773,69515105114,2022-04-12T19:00:42.901Z,/detect/,200,85,84,75,11881,10.233.65.16,inbound|5001||,10.233.93.22
774,69518105114,2022-04-12T19:00:43.122Z,/detect/,200,117,117,106,27838,10.233.65.16,inbound|5001||,10.233.93.22
775,69525105114,2022-04-12T19:00:43.606Z,/detect/,200,125,117,75,20816,10.233.65.16,inbound|5001||,10.233.93.22
776,69550105114,2022-04-12T19:00:45.812Z,/detect/,200,108,107,91,18836,10.233.65.16,inbound|5001||,10.233.93.22
777,69556105114,2022-04-12T19:00:46.291Z,/detect/,200,139,90,76,18043,10.233.65.16,inbound|5001||,10.233.93.22
778,69564105114,2022-04-12T19:00:46.759Z,/detect/,200,89,52,90,16926,10.233.65.16,inbound|5001||,10.233.93.22
779,69568105114,2022-04-12T19:00:47.124Z,/detect/,200,284,283,75,15180,10.233.65.16,inbound|5001||,10.233.93.22
780,69569105114,2022-04-12T19:00:47.149Z,/detect/,200,219,218,73,20702,10.233.65.16,inbound|5001||,10.233.93.22
781,69570105114,2022-04-12T19:00:47.177Z,/detect/,200,230,229,60,18945,10.233.65.16,inbound|5001||,10.233.93.22
782,69573105114,2022-04-12T19:00:47.500Z,/detect/,200,72,71,75,15157,10.233.65.16,inbound|5001||,10.233.93.22
783,69576105114,2022-04-12T19:00:47.873Z,/detect/,200,103,102,74,18549,10.233.65.16,inbound|5001||,10.233.93.22
784,69580105114,2022-04-12T19:00:48.229Z,/detect/,200,114,112,74,18439,10.233.65.16,inbound|5001||,10.233.93.22
785,69587105114,2022-04-12T19:00:48.685Z,/detect/,200,243,242,75,17709,10.233.65.16,inbound|5001||,10.233.93.22
786,69589105114,2022-04-12T19:00:48.732Z,/detect/,200,229,228,75,13226,10.233.65.16,inbound|5001||,10.233.93.22
787,69590105114,2022-04-12T19:00:48.745Z,/detect/,200,231,220,76,18536,10.233.65.16,inbound|5001||,10.233.93.22
788,69592105114,2022-04-12T19:00:48.835Z,/detect/,200,149,147,88,21294,10.233.65.16,inbound|5001||,10.233.93.22
789,69608105114,2022-04-12T19:00:49.910Z,/detect/,200,122,121,75,17032,10.233.65.16,inbound|5001||,10.233.93.22
790,69619105114,2022-04-12T19:00:50.590Z,/detect/,200,136,135,74,26026,10.233.65.16,inbound|5001||,10.233.93.22
791,69621105114,2022-04-12T19:00:50.712Z,/detect/,200,88,87,76,15854,10.233.65.16,inbound|5001||,10.233.93.22
792,69626105114,2022-04-12T19:00:50.900Z,/detect/,200,102,83,74,21121,10.233.65.16,inbound|5001||,10.233.93.22
793,69635105114,2022-04-12T19:00:51.541Z,/detect/,200,171,171,75,16493,10.233.65.16,inbound|5001||,10.233.93.22
794,69637105114,2022-04-12T19:00:51.693Z,/detect/,200,98,97,76,26311,10.233.65.16,inbound|5001||,10.233.93.22
795,69640105114,2022-04-12T19:00:51.906Z,/detect/,200,127,123,106,26402,10.233.65.16,inbound|5001||,10.233.93.22
796,69643105114,2022-04-12T19:00:52.061Z,/detect/,200,164,163,74,17434,10.233.65.16,inbound|5001||,10.233.93.22
797,69644105114,2022-04-12T19:00:52.137Z,/detect/,200,107,88,75,18971,10.233.65.16,inbound|5001||,10.233.93.22
798,69647105114,2022-04-12T19:00:52.262Z,/detect/,200,51,51,60,12866,10.233.65.16,inbound|5001||,10.233.93.22
799,69649105114,2022-04-12T19:00:52.429Z,/detect/,200,109,108,75,16792,10.233.65.16,inbound|5001||,10.233.93.22
800,69656105114,2022-04-12T19:00:52.928Z,/detect/,200,106,105,76,17684,10.233.65.16,inbound|5001||,10.233.93.22
801,69658105114,2022-04-12T19:00:53.184Z,/detect/,200,100,99,75,14300,10.233.65.16,inbound|5001||,10.233.93.22
802,69660105114,2022-04-12T19:00:53.319Z,/detect/,200,98,97,74,17828,10.233.65.16,inbound|5001||,10.233.93.22
803,69663105114,2022-04-12T19:00:53.703Z,/detect/,200,229,195,105,17394,10.233.65.16,inbound|5001||,10.233.93.22
804,69666105114,2022-04-12T19:00:53.761Z,/detect/,200,277,276,102,19115,10.233.65.16,inbound|5001||,10.233.93.22
805,69667105114,2022-04-12T19:00:53.762Z,/detect/,200,242,241,76,14794,10.233.65.16,inbound|5001||,10.233.93.22
806,69668105114,2022-04-12T19:00:53.773Z,/detect/,200,233,232,73,18145,10.233.65.16,inbound|5001||,10.233.93.22
807,69672105114,2022-04-12T19:00:53.945Z,/detect/,200,94,93,75,15368,10.233.65.16,inbound|5001||,10.233.93.22
808,69675105114,2022-04-12T19:00:54.130Z,/detect/,200,142,134,92,20132,10.233.65.16,inbound|5001||,10.233.93.22
809,69677105114,2022-04-12T19:00:54.201Z,/detect/,200,92,91,74,16828,10.233.65.16,inbound|5001||,10.233.93.22
810,69682105114,2022-04-12T19:00:54.446Z,/detect/,200,160,115,76,19559,10.233.65.16,inbound|5001||,10.233.93.22
811,69689105114,2022-04-12T19:00:54.960Z,/detect/,200,159,116,89,23563,10.233.65.16,inbound|5001||,10.233.93.22
812,69691105114,2022-04-12T19:00:55.127Z,/detect/,200,120,107,75,28716,10.233.65.16,inbound|5001||,10.233.93.22
813,69704105114,2022-04-12T19:00:55.950Z,/detect/,200,130,129,60,26643,10.233.65.16,inbound|5001||,10.233.93.22
814,69706105114,2022-04-12T19:00:56.058Z,/detect/,200,111,110,74,15019,10.233.65.16,inbound|5001||,10.233.93.22
815,69707105114,2022-04-12T19:00:56.121Z,/detect/,200,107,107,117,22680,10.233.65.16,inbound|5001||,10.233.93.22
816,69716105114,2022-04-12T19:00:56.359Z,/detect/,200,106,105,103,24935,10.233.65.16,inbound|5001||,10.233.93.22
817,69725105114,2022-04-12T19:00:56.856Z,/detect/,200,92,91,76,16754,10.233.65.16,inbound|5001||,10.233.93.22
818,69728105114,2022-04-12T19:00:57.085Z,/detect/,200,129,127,75,22326,10.233.65.16,inbound|5001||,10.233.93.22
819,69731105114,2022-04-12T19:00:57.177Z,/detect/,200,96,95,74,12572,10.233.65.16,inbound|5001||,10.233.93.22
820,69732105114,2022-04-12T19:00:57.229Z,/detect/,200,263,261,75,13074,10.233.65.16,inbound|5001||,10.233.93.22
821,69733105114,2022-04-12T19:00:57.239Z,/detect/,200,230,229,88,15645,10.233.65.16,inbound|5001||,10.233.93.22
822,69736105114,2022-04-12T19:00:57.248Z,/detect/,200,251,250,60,17982,10.233.65.16,inbound|5001||,10.233.93.22
823,69734105114,2022-04-12T19:00:57.248Z,/detect/,200,294,293,75,24802,10.233.65.16,inbound|5001||,10.233.93.22
824,69746105114,2022-04-12T19:00:58.037Z,/detect/,200,256,236,90,21148,10.233.65.16,inbound|5001||,10.233.93.22
825,69747105114,2022-04-12T19:00:58.060Z,/detect/,200,185,184,75,10340,10.233.65.16,inbound|5001||,10.233.93.22
826,69748105114,2022-04-12T19:00:58.105Z,/detect/,200,176,175,90,11436,10.233.65.16,inbound|5001||,10.233.93.22
827,69754105114,2022-04-12T19:00:58.855Z,/detect/,200,190,188,75,15493,10.233.65.16,inbound|5001||,10.233.93.22
828,69755105114,2022-04-12T19:00:58.929Z,/detect/,200,185,184,93,22075,10.233.65.16,inbound|5001||,10.233.93.22
829,69770105114,2022-04-12T19:00:59.673Z,/detect/,200,106,105,74,13799,10.233.65.16,inbound|5001||,10.233.93.22
830,69788105114,2022-04-12T19:01:00.741Z,/detect/,200,135,134,60,19751,10.233.65.16,inbound|5001||,10.233.93.22
831,69789105114,2022-04-12T19:01:00.857Z,/detect/,200,91,89,60,14611,10.233.65.16,inbound|5001||,10.233.93.22
832,69792105114,2022-04-12T19:01:00.983Z,/detect/,200,140,138,74,22136,10.233.65.16,inbound|5001||,10.233.93.22
833,69794105114,2022-04-12T19:01:01.147Z,/detect/,200,79,71,74,25731,10.233.65.16,inbound|5001||,10.233.93.22
834,69798105114,2022-04-12T19:01:01.609Z,/detect/,200,212,186,60,21387,10.233.65.16,inbound|5001||,10.233.93.22
835,69801105114,2022-04-12T19:01:01.680Z,/detect/,200,165,163,75,26074,10.233.65.16,inbound|5001||,10.233.93.22
836,69810105114,2022-04-12T19:01:02.462Z,/detect/,200,170,158,76,24162,10.233.65.16,inbound|5001||,10.233.93.22
837,69813105114,2022-04-12T19:01:02.585Z,/detect/,200,90,89,60,14031,10.233.65.16,inbound|5001||,10.233.93.22
838,69824105114,2022-04-12T19:01:03.815Z,/detect/,200,79,70,74,19237,10.233.65.16,inbound|5001||,10.233.93.22
839,69827105114,2022-04-12T19:01:03.908Z,/detect/,200,93,89,92,25017,10.233.65.16,inbound|5001||,10.233.93.22
840,69833105114,2022-04-12T19:01:04.412Z,/detect/,200,125,79,89,19572,10.233.65.16,inbound|5001||,10.233.93.22
841,69839105114,2022-04-12T19:01:04.589Z,/detect/,200,73,72,75,16497,10.233.65.16,inbound|5001||,10.233.93.22
842,69838105114,2022-04-12T19:01:04.613Z,/detect/,200,105,104,73,16215,10.233.65.16,inbound|5001||,10.233.93.22
843,69842105114,2022-04-12T19:01:04.793Z,/detect/,200,128,118,76,19834,10.233.65.16,inbound|5001||,10.233.93.22
844,69844105114,2022-04-12T19:01:04.974Z,/detect/,200,135,87,74,18009,10.233.65.16,inbound|5001||,10.233.93.22
845,69845105114,2022-04-12T19:01:05.162Z,/detect/,200,104,57,76,41749,10.233.65.16,inbound|5001||,10.233.93.22
846,69848105114,2022-04-12T19:01:05.334Z,/detect/,200,126,81,76,18713,10.233.65.16,inbound|5001||,10.233.93.22
847,69851105114,2022-04-12T19:01:05.500Z,/detect/,200,46,45,75,13654,10.233.65.16,inbound|5001||,10.233.93.22
848,69859105114,2022-04-12T19:01:06.079Z,/detect/,200,139,137,73,25778,10.233.65.16,inbound|5001||,10.233.93.22
849,69866105114,2022-04-12T19:01:06.222Z,/detect/,200,49,49,75,17359,10.233.65.16,inbound|5001||,10.233.93.22
850,69890105114,2022-04-12T19:01:08.059Z,/detect/,200,107,106,76,12712,10.233.65.16,inbound|5001||,10.233.93.22
851,69900105114,2022-04-12T19:01:08.743Z,/detect/,200,113,109,89,25975,10.233.65.16,inbound|5001||,10.233.93.22
852,69914105114,2022-04-12T19:01:09.978Z,/detect/,200,197,195,74,28138,10.233.65.16,inbound|5001||,10.233.93.22
853,69922105114,2022-04-12T19:01:10.623Z,/detect/,200,323,273,74,17406,10.233.65.16,inbound|5001||,10.233.93.22
854,69923105114,2022-04-12T19:01:10.674Z,/detect/,200,274,269,76,22890,10.233.65.16,inbound|5001||,10.233.93.22
855,69937105114,2022-04-12T19:01:11.904Z,/detect/,200,87,68,73,23176,10.233.65.16,inbound|5001||,10.233.93.22
856,69945105114,2022-04-12T19:01:12.325Z,/detect/,200,66,65,93,17841,10.233.65.16,inbound|5001||,10.233.93.22
857,69946105114,2022-04-12T19:01:12.401Z,/detect/,200,115,101,73,26287,10.233.65.16,inbound|5001||,10.233.93.22
858,69947105114,2022-04-12T19:01:12.489Z,/detect/,200,78,76,76,19181,10.233.65.16,inbound|5001||,10.233.93.22
859,69955105114,2022-04-12T19:01:12.925Z,/detect/,200,93,46,60,24519,10.233.65.16,inbound|5001||,10.233.93.22
860,69956105114,2022-04-12T19:01:13.157Z,/detect/,200,78,77,76,22789,10.233.65.16,inbound|5001||,10.233.93.22
861,69968105114,2022-04-12T19:01:13.839Z,/detect/,200,75,75,76,25947,10.233.65.16,inbound|5001||,10.233.93.22
862,69972105114,2022-04-12T19:01:14.169Z,/detect/,200,147,145,74,23677,10.233.65.16,inbound|5001||,10.233.93.22
863,69994105114,2022-04-12T19:01:15.701Z,/detect/,200,73,72,106,18240,10.233.65.16,inbound|5001||,10.233.93.22
864,69998105114,2022-04-12T19:01:16.004Z,/detect/,200,112,110,102,11834,10.233.65.16,inbound|5001||,10.233.93.22
865,70016105114,2022-04-12T19:01:17.184Z,/detect/,200,138,137,75,15766,10.233.65.16,inbound|5001||,10.233.93.22
866,70021105114,2022-04-12T19:01:17.720Z,/detect/,200,147,144,76,23108,10.233.65.16,inbound|5001||,10.233.93.22
867,70028105114,2022-04-12T19:01:18.161Z,/detect/,200,75,74,60,17129,10.233.65.16,inbound|5001||,10.233.93.22
868,70036105114,2022-04-12T19:01:18.804Z,/detect/,200,189,188,76,25862,10.233.65.16,inbound|5001||,10.233.93.22
869,70037105114,2022-04-12T19:01:18.881Z,/detect/,200,133,132,76,21861,10.233.65.16,inbound|5001||,10.233.93.22
870,70041105114,2022-04-12T19:01:19.094Z,/detect/,200,69,68,73,20384,10.233.65.16,inbound|5001||,10.233.93.22
